{"stats":{"minecraft:used":{"minecraft:stone_sword":61,"minecraft:stone_shovel":80,"farmersdelight:cabbage_seeds":12,"minecraft:chest":5,"minecraft:stone_hoe":27,"minecraft:torch":26,"minecraft:dirt":72,"minecraft:spyglass":12,"minecraft:melon_seeds":6,"minecraft:bow":3,"minecraft:sweet_berries":18,"minecraft:oak_sapling":1,"minecraft:furnace":1,"croptopia:greenbean_seed":1,"minecraft:potato":2,"minecraft:acacia_planks":1,"minecraft:wheat_seeds":4,"minecraft:water_bucket":10,"minecraft:stone_pickaxe":78,"minecraft:wooden_pickaxe":4,"minecraft:blue_bed":1,"minecraft:crafting_table":4,"minecraft:melon_slice":29,"minecraft:stone_axe":63,"minecraft:cobblestone":13,"minecraft:purple_bed":1,"minecraft:bucket":11,"alexsmobs:animal_dictionary":1},"minecraft:picked_up":{"sophisticatedbackpacks:gold_backpack":1,"minecraft:crafting_table":1,"minecraft:iron_chestplate":2,"minecraft:chest_minecart":1,"minecraft:leather_leggings":2,"minecraft:wooden_pickaxe":1,"alexscaves:cave_tablet":1,"minecraft:chain":1,"minecraft:shield":1,"minecraft:red_bed":2,"minecraft:string":18,"minecraft:iron_axe":1,"minecraft:iron_leggings":2,"croptopia:bellpepper_seed":4,"croptopia:pear":16,"minecraft:sea_pickle":2,"minecraft:bucket":1,"minecraft:spruce_planks":1,"minecraft:beef":7,"minecraft:rose_bush":1,"minecraft:poppy":1,"minecraft:iron_pickaxe":1,"minecraft:melon_slice":53,"minecraft:chest":3,"farmersdelight:cabbage_seeds":13,"minecraft:iron_boots":2,"minecraft:stick":70,"minecraft:raw_iron":21,"croptopia:greenbean_seed":1,"minecraft:torch":10,"minecraft:acacia_log":8,"minecraft:spruce_stairs":4,"sophisticatedbackpacks:backpack":2,"farmersdelight:tomato_seeds":8,"minecraft:orange_bed":1,"minecraft:stone_sword":2,"minecraft:arrow":5,"croptopia:persimmon":34,"minecraft:iron_block":2,"minecraft:mutton":3,"minecraft:cobblestone":77,"minecraft:rail":1,"minecraft:white_wool":6,"minecraft:lilac":1,"minecraft:water_bucket":1,"minecraft:leather":4,"minecraft:potato":2,"alexsmobs:bison_fur":2,"minecraft:flint":6,"minecraft:tuff":16,"minecraft:oak_log":11,"minecraft:dirt":86,"minecraft:paper":2,"farmersdelight:tomato":10,"minecraft:blue_bed":1,"minecraft:lantern":1,"minecraft:bone":3,"minecraft:bow":2,"minecraft:wheat_seeds":5,"alexsmobs:cockroach_wing_fragment":1,"minecraft:bell":2,"minecraft:iron_ingot":6,"minecraft:acacia_sapling":6,"minecraft:iron_sword":1,"minecraft:oak_planks":5,"minecraft:book":3,"minecraft:pumpkin":6,"minecraft:spyglass":3,"minecraft:gravel":13,"minecraft:amethyst_shard":1,"minecraft:melon":8,"minecraft:spruce_sapling":1,"sophisticatedbackpacks:iron_backpack":1,"minecraft:grass_block":1,"minecraft:spruce_log":7,"minecraft:spider_eye":1,"minecraft:barrel":1,"alexsmobs:animal_dictionary":1,"minecraft:purple_bed":3,"minecraft:stone_axe":1,"minecraft:iron_helmet":2,"croptopia:greenbean":1,"minecraft:emerald":1,"minecraft:bread":31,"alexsmobs:maggot":2,"minecraft:oak_sapling":2,"spelunkers_charm:rock":3,"minecraft:coal":10,"minecraft:ender_pearl":1,"minecraft:sunflower":1},"minecraft:dropped":{"minecraft:water_bucket":1,"sophisticatedbackpacks:iron_backpack":1,"minecraft:bread":20,"minecraft:iron_sword":1,"minecraft:ender_pearl":1,"minecraft:iron_helmet":2,"minecraft:lantern":1,"minecraft:grass_block":1,"sophisticatedbackpacks:gold_backpack":1,"minecraft:flint":1,"minecraft:iron_leggings":2,"minecraft:iron_axe":1,"minecraft:iron_pickaxe":1,"minecraft:stone_axe":1,"minecraft:spyglass":2,"minecraft:stone_sword":2,"minecraft:tuff":16,"minecraft:iron_boots":2,"sophisticatedbackpacks:backpack":2,"minecraft:shield":1,"minecraft:iron_chestplate":2},"minecraft:custom":{"minecraft:mob_kills":13,"minecraft:interact_with_crafting_table":16,"minecraft:open_barrel":1,"minecraft:leave_game":3,"minecraft:time_since_death":118297,"minecraft:sprint_one_cm":87232,"minecraft:walk_one_cm":549527,"minecraft:drop":38,"minecraft:play_time":118297,"minecraft:sneak_time":1577,"minecraft:walk_under_water_one_cm":556,"minecraft:jump":1147,"minecraft:walk_on_water_one_cm":762,"minecraft:total_world_time":118297,"minecraft:interact_with_furnace":10,"minecraft:interact_with_loom":9,"minecraft:sleep_in_bed":3,"minecraft:time_since_rest":43693,"minecraft:damage_taken":386,"minecraft:damage_dealt":1719,"minecraft:fly_one_cm":86183,"minecraft:open_chest":77,"minecraft:crouch_one_cm":4630,"minecraft:fall_one_cm":22923},"minecraft:killed":{"minecraft:spider":1,"minecraft:skeleton":3,"alexsmobs:blue_jay":1,"alexsmobs:bison":1,"minecraft:creeper":1,"minecraft:sheep":3,"minecraft:zombie":1,"alexsmobs:cockroach":1,"minecraft:enderman":1},"minecraft:mined":{"croptopia:bellpepper_crop":1,"minecraft:spruce_planks":1,"croptopia:greenbean_crop":1,"minecraft:dark_oak_leaves":4,"minecraft:glow_lichen":1,"croptopia:persimmon_crop":18,"minecraft:acacia_log":8,"minecraft:grass_block":57,"farmersdelight:tomatoes":4,"minecraft:spruce_leaves":3,"minecraft:iron_ore":18,"minecraft:barrel":1,"minecraft:pumpkin":3,"minecraft:bell":1,"minecraft:bookshelf":1,"biomesoplenty:high_grass":32,"minecraft:stone":47,"minecraft:orange_bed":1,"minecraft:acacia_leaves":1,"minecraft:red_bed":1,"minecraft:crafting_table":1,"minecraft:torch":1,"minecraft:poppy":1,"minecraft:melon":12,"spelunkers_charm:dead_grass":6,"minecraft:chest":3,"minecraft:rose_bush":2,"biomesoplenty:high_grass_plant":67,"farmersdelight:cabbages":1,"minecraft:tall_grass":9,"minecraft:cobblestone":2,"biomesoplenty:sprout":4,"minecraft:oak_planks":5,"minecraft:wall_torch":6,"minecraft:blue_bed":1,"minecraft:spruce_stairs":4,"minecraft:chain":1,"minecraft:purple_bed":3,"spelunkers_charm:rock_pile_3":1,"croptopia:pear_crop":8,"minecraft:spruce_log":7,"minecraft:grass":36,"minecraft:oak_log":11,"minecraft:coal_ore":10,"minecraft:sunflower":1,"minecraft:gravel":16,"minecraft:dirt":30,"minecraft:cobweb":17,"minecraft:red_mushroom_block":5,"minecraft:oak_leaves":65},"minecraft:crafted":{"minecraft:oak_planks":20,"minecraft:stone_shovel":1,"minecraft:furnace":1,"minecraft:cooked_mutton":3,"minecraft:bow":2,"minecraft:iron_boots":1,"minecraft:melon_seeds":12,"minecraft:stone_pickaxe":1,"minecraft:chest":3,"minecraft:stone_hoe":1,"sophisticatedbackpacks:iron_backpack":1,"minecraft:red_dye":1,"sophisticatedbackpacks:backpack":2,"minecraft:crafting_table":3,"minecraft:spruce_planks":52,"minecraft:wooden_pickaxe":1,"minecraft:stone_axe":1,"minecraft:orange_dye":2,"minecraft:air":0,"minecraft:iron_chestplate":1,"minecraft:charcoal":6,"minecraft:yellow_dye":2,"minecraft:shield":1,"minecraft:stick":88,"minecraft:iron_ingot":18,"minecraft:stone_sword":1,"minecraft:acacia_planks":32,"minecraft:torch":24}},"DataVersion":3465}