{"stats":{"minecraft:used":{"minecraft:stone_sword":9,"minecraft:melon_slice":4,"minecraft:stone_shovel":1,"minecraft:stone_pickaxe":17,"minecraft:wooden_pickaxe":4,"minecraft:stone_axe":34,"minecraft:dirt":14,"minecraft:crafting_table":1,"minecraft:furnace":1,"alexsmobs:animal_dictionary":1,"minecraft:acacia_planks":1},"minecraft:picked_up":{"minecraft:stick":2,"minecraft:crafting_table":1,"minecraft:pumpkin":3,"minecraft:torch":4,"minecraft:acacia_log":8,"farmersdelight:tomato_seeds":4,"minecraft:oak_log":11,"minecraft:melon":4,"minecraft:red_bed":1,"farmersdelight:tomato":5,"minecraft:dirt":18,"minecraft:lantern":1,"minecraft:orange_bed":1,"croptopia:persimmon":17,"croptopia:pear":8,"minecraft:sea_pickle":1,"minecraft:wheat_seeds":1,"minecraft:bell":1,"minecraft:rose_bush":1,"alexsmobs:maggot":1,"minecraft:oak_sapling":1,"minecraft:melon_slice":53,"farmersdelight:cabbage_seeds":1,"minecraft:mutton":3,"minecraft:acacia_sapling":3,"minecraft:white_wool":3,"minecraft:cobblestone":20},"minecraft:custom":{"minecraft:time_since_rest":668,"minecraft:interact_with_furnace":3,"minecraft:sprint_one_cm":28400,"minecraft:damage_taken":20,"minecraft:walk_one_cm":200095,"minecraft:mob_kills":3,"minecraft:damage_dealt":240,"minecraft:interact_with_crafting_table":4,"minecraft:fly_one_cm":18591,"minecraft:open_chest":3,"minecraft:crouch_one_cm":459,"minecraft:play_time":30470,"minecraft:sneak_time":100,"minecraft:jump":409,"minecraft:time_since_death":30470,"minecraft:sleep_in_bed":1,"minecraft:total_world_time":30470,"minecraft:fall_one_cm":6305},"minecraft:killed":{"minecraft:sheep":3},"minecraft:mined":{"minecraft:acacia_leaves":1,"minecraft:red_bed":1,"minecraft:dark_oak_leaves":4,"croptopia:pear_crop":8,"minecraft:pumpkin":3,"croptopia:persimmon_crop":18,"minecraft:crafting_table":1,"minecraft:bell":1,"minecraft:grass":16,"minecraft:acacia_log":8,"minecraft:grass_block":8,"minecraft:oak_log":11,"biomesoplenty:high_grass":22,"minecraft:melon":12,"minecraft:rose_bush":1,"minecraft:dirt":12,"biomesoplenty:high_grass_plant":54,"farmersdelight:cabbages":1,"minecraft:tall_grass":5,"farmersdelight:tomatoes":4,"minecraft:red_mushroom_block":5,"minecraft:stone":20,"minecraft:wall_torch":4,"minecraft:oak_leaves":63,"minecraft:orange_bed":1},"minecraft:crafted":{"minecraft:stone_shovel":1,"minecraft:charcoal":6,"minecraft:crafting_table":1,"minecraft:stick":16,"minecraft:wooden_pickaxe":1,"minecraft:stone_pickaxe":1,"minecraft:stone_sword":1,"minecraft:furnace":1,"minecraft:acacia_planks":32,"minecraft:torch":24,"minecraft:stone_axe":1,"minecraft:air":0}},"DataVersion":3465}