{"stats":{"minecraft:used":{"minecraft:wheat_seeds":2,"minecraft:water_bucket":8,"minecraft:stone_sword":18,"minecraft:stone_shovel":65,"minecraft:stone_pickaxe":18,"farmersdelight:cabbage_seeds":2,"minecraft:chest":5,"minecraft:wooden_pickaxe":4,"minecraft:stone_hoe":26,"minecraft:torch":6,"minecraft:dirt":67,"minecraft:spyglass":2,"minecraft:crafting_table":3,"minecraft:melon_slice":11,"minecraft:melon_seeds":6,"minecraft:stone_axe":42,"minecraft:purple_bed":1,"minecraft:furnace":1,"minecraft:bucket":8,"alexsmobs:animal_dictionary":1,"minecraft:potato":2,"minecraft:acacia_planks":1},"minecraft:picked_up":{"minecraft:crafting_table":1,"minecraft:lilac":1,"minecraft:leather_leggings":2,"minecraft:wooden_pickaxe":1,"minecraft:potato":2,"minecraft:flint":1,"minecraft:oak_log":11,"farmersdelight:tomato":10,"minecraft:dirt":81,"minecraft:red_bed":2,"minecraft:lantern":1,"croptopia:bellpepper_seed":4,"croptopia:pear":16,"minecraft:sea_pickle":2,"minecraft:wheat_seeds":3,"minecraft:bucket":1,"minecraft:bell":2,"minecraft:spruce_planks":1,"minecraft:iron_ingot":6,"minecraft:rose_bush":1,"minecraft:melon_slice":53,"minecraft:chest":3,"minecraft:acacia_sapling":6,"farmersdelight:cabbage_seeds":13,"minecraft:stick":66,"minecraft:pumpkin":6,"minecraft:torch":9,"minecraft:acacia_log":8,"minecraft:spyglass":2,"minecraft:spruce_stairs":4,"minecraft:amethyst_shard":1,"farmersdelight:tomato_seeds":8,"minecraft:melon":8,"minecraft:spruce_sapling":1,"alexsmobs:animal_dictionary":1,"minecraft:orange_bed":1,"minecraft:stone_sword":2,"minecraft:arrow":2,"minecraft:purple_bed":2,"croptopia:persimmon":34,"minecraft:iron_block":1,"minecraft:emerald":1,"alexsmobs:maggot":2,"minecraft:oak_sapling":2,"minecraft:mutton":3,"minecraft:white_wool":6,"minecraft:cobblestone":21},"minecraft:dropped":{"minecraft:stone_sword":2,"minecraft:lantern":1,"minecraft:flint":1},"minecraft:custom":{"minecraft:interact_with_furnace":7,"minecraft:mob_kills":5,"minecraft:interact_with_crafting_table":7,"minecraft:leave_game":1,"minecraft:time_since_death":68011,"minecraft:sleep_in_bed":2,"minecraft:time_since_rest":10260,"minecraft:sprint_one_cm":51992,"minecraft:damage_taken":135,"minecraft:walk_one_cm":325183,"minecraft:drop":4,"minecraft:damage_dealt":640,"minecraft:fly_one_cm":43266,"minecraft:open_chest":56,"minecraft:crouch_one_cm":846,"minecraft:play_time":68011,"minecraft:sneak_time":233,"minecraft:walk_under_water_one_cm":167,"minecraft:jump":726,"minecraft:walk_on_water_one_cm":137,"minecraft:total_world_time":68011,"minecraft:fall_one_cm":13661},"minecraft:killed":{"minecraft:sheep":3,"minecraft:skeleton":1,"minecraft:zombie":1},"minecraft:mined":{"croptopia:bellpepper_crop":1,"minecraft:acacia_leaves":1,"minecraft:spruce_planks":1,"minecraft:red_bed":1,"minecraft:dark_oak_leaves":4,"minecraft:torch":1,"minecraft:crafting_table":1,"croptopia:persimmon_crop":18,"minecraft:acacia_log":8,"minecraft:grass_block":57,"minecraft:melon":12,"minecraft:chest":3,"minecraft:rose_bush":1,"biomesoplenty:high_grass_plant":65,"farmersdelight:cabbages":1,"minecraft:cobblestone":1,"minecraft:tall_grass":6,"farmersdelight:tomatoes":4,"biomesoplenty:sprout":4,"minecraft:wall_torch":5,"minecraft:spruce_stairs":4,"minecraft:purple_bed":2,"croptopia:pear_crop":8,"minecraft:pumpkin":3,"minecraft:bell":1,"minecraft:grass":19,"minecraft:oak_log":11,"biomesoplenty:high_grass":25,"minecraft:dirt":26,"minecraft:red_mushroom_block":5,"minecraft:stone":20,"minecraft:oak_leaves":65,"minecraft:orange_bed":1},"minecraft:crafted":{"minecraft:oak_planks":20,"minecraft:stone_shovel":1,"minecraft:crafting_table":2,"minecraft:spruce_planks":24,"minecraft:wooden_pickaxe":1,"minecraft:furnace":1,"minecraft:stone_axe":1,"minecraft:cooked_mutton":3,"minecraft:air":0,"minecraft:charcoal":6,"minecraft:melon_seeds":12,"minecraft:stick":88,"minecraft:stone_pickaxe":1,"minecraft:stone_sword":1,"minecraft:chest":2,"minecraft:acacia_planks":32,"minecraft:torch":24,"minecraft:stone_hoe":1}},"DataVersion":3465}