{"stats":{"minecraft:killed":{"alexsmobs:raccoon":1,"minecraft:spider":1,"minecraft:skeleton":4,"alexsmobs:blue_jay":1,"alexsmobs:bison":1,"minecraft:creeper":1,"minecraft:sheep":3,"minecraft:zombie":10,"alexsmobs:cockroach":2,"minecraft:enderman":1},"minecraft:used":{"minecraft:stone_sword":104,"minecraft:stone_shovel":80,"farmersdelight:cabbage_seeds":12,"minecraft:chest":5,"minecraft:shield":3,"minecraft:stone_hoe":159,"minecraft:torch":109,"minecraft:dirt":72,"minecraft:spyglass":41,"minecraft:carrot":2,"minecraft:melon_seeds":6,"minecraft:bow":16,"minecraft:sweet_berries":31,"minecraft:oak_sapling":1,"minecraft:furnace":3,"farmersdelight:cooking_pot":1,"croptopia:greenbean_seed":1,"minecraft:potato":2,"minecraft:cobbled_deepslate":54,"minecraft:acacia_planks":1,"minecraft:wheat_seeds":7,"minecraft:water_bucket":30,"farmersdelight:skillet":1,"minecraft:stone_pickaxe":130,"minecraft:wooden_pickaxe":4,"minecraft:blue_bed":1,"minecraft:glow_berries":24,"minecraft:crafting_table":5,"minecraft:iron_pickaxe":168,"minecraft:bread":7,"minecraft:melon_slice":41,"minecraft:stone_axe":70,"minecraft:cobblestone":63,"minecraft:purple_bed":1,"minecraft:bucket":31,"alexsmobs:animal_dictionary":1,"minecraft:bone_meal":3},"minecraft:picked_up":{"sophisticatedbackpacks:gold_backpack":2,"minecraft:iron_chestplate":2,"minecraft:crafting_table":1,"minecraft:wheat":2,"minecraft:chest_minecart":1,"minecraft:leather_leggings":2,"minecraft:wooden_pickaxe":1,"alexscaves:cave_tablet":1,"minecraft:chain":1,"minecraft:shield":1,"minecraft:string":18,"minecraft:red_bed":2,"minecraft:iron_axe":2,"minecraft:iron_leggings":2,"croptopia:bellpepper_seed":4,"croptopia:pear":16,"supplementaries:bomb":2,"minecraft:sea_pickle":2,"minecraft:cobbled_deepslate":216,"minecraft:bucket":1,"minecraft:spruce_planks":1,"minecraft:beef":7,"minecraft:rose_bush":1,"minecraft:poppy":1,"minecraft:iron_pickaxe":2,"minecraft:melon_slice":53,"minecraft:chest":3,"minecraft:furnace":1,"farmersdelight:cabbage_seeds":13,"minecraft:iron_boots":3,"minecraft:stick":103,"minecraft:raw_iron":40,"croptopia:greenbean_seed":1,"minecraft:oak_fence":2,"minecraft:torch":79,"minecraft:acacia_log":8,"minecraft:spruce_stairs":4,"sophisticatedbackpacks:backpack":4,"farmersdelight:tomato_seeds":8,"minecraft:carrot":5,"minecraft:redstone":25,"minecraft:orange_bed":1,"minecraft:stone_sword":2,"minecraft:arrow":11,"minecraft:rotten_flesh":12,"croptopia:persimmon":34,"minecraft:beetroot_seeds":3,"minecraft:iron_block":2,"farmersdelight:rope":9,"minecraft:gold_ingot":1,"supplementaries:ash":9,"minecraft:mutton":3,"minecraft:rail":13,"minecraft:skeleton_skull":1,"minecraft:white_wool":6,"minecraft:cobblestone":96,"minecraft:lilac":1,"farmersdelight:rice":6,"minecraft:water_bucket":1,"minecraft:leather":4,"minecraft:potato":2,"alexsmobs:bison_fur":2,"spelunkers_charm:old_miners_bundle":1,"minecraft:flint":6,"minecraft:tuff":21,"minecraft:oak_log":11,"minecraft:blue_bed":1,"minecraft:lapis_lazuli":11,"farmersdelight:tomato":10,"minecraft:dirt":87,"minecraft:paper":18,"minecraft:lantern":1,"minecraft:bone":5,"farmersdelight:cooking_pot":2,"minecraft:bow":2,"minecraft:wheat_seeds":12,"minecraft:raw_gold":1,"alexsmobs:cockroach_wing_fragment":2,"minecraft:bell":2,"minecraft:iron_ingot":7,"minecraft:stone_pickaxe":1,"minecraft:iron_sword":1,"minecraft:oak_planks":6,"minecraft:acacia_sapling":6,"minecraft:book":3,"minecraft:smooth_basalt":3,"endrem:lost_eye":1,"minecraft:pumpkin":6,"minecraft:sweet_berries":44,"minecraft:sculk":5,"minecraft:spyglass":4,"minecraft:gravel":13,"minecraft:amethyst_shard":29,"minecraft:melon":8,"minecraft:spruce_sapling":1,"sophisticatedbackpacks:iron_backpack":1,"minecraft:spruce_log":7,"minecraft:grass_block":1,"alexsmobs:animal_dictionary":1,"minecraft:spider_eye":1,"minecraft:barrel":2,"minecraft:purple_bed":3,"minecraft:diamond":4,"minecraft:stone_axe":1,"minecraft:iron_helmet":3,"croptopia:greenbean":1,"minecraft:golden_apple":2,"minecraft:emerald":1,"minecraft:bread":31,"alexscaves:cave_map":2,"alexsmobs:maggot":2,"minecraft:oak_sapling":2,"spelunkers_charm:rock":3,"minecraft:coal":23,"minecraft:sunflower":1,"minecraft:ender_pearl":1},"minecraft:mined":{"croptopia:bellpepper_crop":1,"minecraft:tuff":5,"minecraft:spruce_planks":1,"croptopia:greenbean_crop":1,"minecraft:deepslate_diamond_ore":4,"minecraft:dark_oak_leaves":4,"minecraft:sculk_vein":7,"minecraft:glow_lichen":1,"croptopia:persimmon_crop":18,"minecraft:acacia_log":8,"minecraft:grass_block":57,"farmersdelight:tomatoes":4,"minecraft:spruce_leaves":3,"minecraft:carrots":1,"minecraft:furnace":1,"minecraft:iron_ore":33,"minecraft:barrel":2,"minecraft:fire":1,"minecraft:cobbled_deepslate":14,"minecraft:pumpkin":3,"minecraft:deepslate_lapis_ore":2,"minecraft:bell":1,"minecraft:bookshelf":1,"biomesoplenty:high_grass":32,"minecraft:deepslate_iron_ore":4,"minecraft:stone":49,"minecraft:orange_bed":1,"farmersdelight:cooking_pot":1,"minecraft:deepslate_redstone_ore":4,"minecraft:acacia_leaves":1,"minecraft:red_bed":1,"minecraft:amethyst_cluster":8,"minecraft:torch":60,"minecraft:crafting_table":1,"minecraft:poppy":1,"minecraft:melon":12,"spelunkers_charm:dead_grass":6,"minecraft:chest":3,"minecraft:rose_bush":2,"biomesoplenty:high_grass_plant":67,"farmersdelight:cabbages":1,"minecraft:tall_grass":9,"minecraft:cobblestone":16,"spelunkers_charm:deepslate_geyser":1,"biomesoplenty:sprout":4,"minecraft:deepslate_gold_ore":1,"minecraft:oak_planks":9,"minecraft:sculk":131,"minecraft:blue_bed":1,"minecraft:wall_torch":6,"minecraft:spruce_stairs":4,"spelunkers_charm:rock_pile_3":1,"minecraft:chain":1,"minecraft:purple_bed":3,"minecraft:sweet_berry_bush":2,"minecraft:wheat":2,"croptopia:pear_crop":8,"minecraft:spruce_log":7,"minecraft:grass":36,"minecraft:coal_ore":10,"minecraft:oak_log":11,"minecraft:sunflower":1,"minecraft:gravel":17,"minecraft:dirt":31,"minecraft:cobweb":17,"minecraft:smooth_basalt":3,"minecraft:red_mushroom_block":5,"minecraft:oak_leaves":65,"minecraft:deepslate":143},"minecraft:broken":{"minecraft:stone_hoe":1},"minecraft:custom":{"minecraft:mob_kills":25,"minecraft:interact_with_crafting_table":25,"minecraft:open_barrel":4,"minecraft:leave_game":5,"minecraft:time_since_death":227153,"minecraft:sprint_one_cm":149119,"minecraft:walk_one_cm":903820,"minecraft:damage_blocked_by_shield":300,"minecraft:drop":59,"minecraft:play_time":227153,"minecraft:sneak_time":5447,"minecraft:walk_under_water_one_cm":9615,"minecraft:jump":2209,"minecraft:walk_on_water_one_cm":27358,"minecraft:total_world_time":227153,"minecraft:interact_with_furnace":17,"minecraft:interact_with_loom":12,"minecraft:sleep_in_bed":3,"minecraft:time_since_rest":152549,"minecraft:damage_taken":1136,"minecraft:damage_dealt":3775,"minecraft:swim_one_cm":993,"minecraft:fly_one_cm":224431,"minecraft:open_chest":88,"minecraft:crouch_one_cm":17491,"minecraft:fall_one_cm":40678},"minecraft:dropped":{"sophisticatedbackpacks:iron_backpack":1,"minecraft:water_bucket":1,"minecraft:bread":20,"minecraft:iron_sword":1,"minecraft:ender_pearl":1,"minecraft:iron_helmet":3,"minecraft:lantern":1,"minecraft:grass_block":1,"sophisticatedbackpacks:gold_backpack":2,"minecraft:flint":1,"minecraft:iron_leggings":2,"alexscaves:cave_map":3,"minecraft:iron_axe":2,"minecraft:iron_pickaxe":2,"minecraft:paper":8,"minecraft:stone_axe":1,"minecraft:spyglass":3,"minecraft:stone_sword":2,"alexscaves:cave_tablet":5,"minecraft:tuff":16,"supplementaries:bomb":1,"minecraft:iron_boots":3,"sophisticatedbackpacks:backpack":4,"minecraft:carrot":3,"supplementaries:ash":5,"minecraft:shield":1,"minecraft:skeleton_skull":1,"minecraft:iron_chestplate":2,"minecraft:stone_pickaxe":2},"minecraft:crafted":{"minecraft:oak_planks":20,"minecraft:stone_shovel":1,"minecraft:furnace":2,"minecraft:bone_meal":6,"alexscaves:cave_map":1,"minecraft:cooked_mutton":3,"minecraft:bow":2,"minecraft:iron_boots":1,"minecraft:melon_seeds":12,"minecraft:stone_pickaxe":1,"minecraft:chest":3,"minecraft:stone_hoe":3,"sophisticatedbackpacks:iron_backpack":1,"minecraft:red_dye":1,"sophisticatedbackpacks:backpack":2,"minecraft:crafting_table":4,"minecraft:spruce_planks":52,"minecraft:iron_helmet":1,"minecraft:wooden_pickaxe":1,"minecraft:stone_axe":1,"minecraft:orange_dye":2,"minecraft:air":0,"minecraft:iron_chestplate":1,"minecraft:charcoal":6,"minecraft:shield":1,"minecraft:yellow_dye":2,"minecraft:stick":88,"minecraft:iron_ingot":57,"minecraft:iron_pickaxe":1,"minecraft:stone_sword":1,"minecraft:iron_leggings":1,"minecraft:acacia_planks":32,"minecraft:torch":40}},"DataVersion":3465}