{"stats":{"minecraft:used":{"minecraft:wheat_seeds":4,"minecraft:water_bucket":8,"minecraft:stone_sword":23,"minecraft:stone_shovel":65,"minecraft:stone_pickaxe":18,"farmersdelight:cabbage_seeds":12,"minecraft:chest":5,"minecraft:wooden_pickaxe":4,"minecraft:blue_bed":1,"minecraft:stone_hoe":27,"minecraft:torch":7,"minecraft:dirt":67,"minecraft:spyglass":2,"minecraft:crafting_table":3,"minecraft:melon_slice":14,"minecraft:melon_seeds":6,"minecraft:stone_axe":52,"minecraft:sweet_berries":18,"minecraft:purple_bed":1,"minecraft:furnace":1,"minecraft:bucket":9,"alexsmobs:animal_dictionary":1,"croptopia:greenbean_seed":1,"minecraft:potato":2,"minecraft:acacia_planks":1},"minecraft:picked_up":{"minecraft:crafting_table":1,"minecraft:lilac":1,"minecraft:leather_leggings":2,"minecraft:leather":4,"minecraft:wooden_pickaxe":1,"minecraft:potato":2,"alexsmobs:bison_fur":2,"minecraft:flint":1,"minecraft:oak_log":11,"minecraft:blue_bed":1,"farmersdelight:tomato":10,"minecraft:dirt":81,"minecraft:red_bed":2,"minecraft:lantern":1,"croptopia:bellpepper_seed":4,"croptopia:pear":16,"minecraft:sea_pickle":2,"minecraft:wheat_seeds":5,"minecraft:beef":7,"minecraft:bucket":1,"minecraft:bell":2,"minecraft:spruce_planks":1,"minecraft:iron_ingot":6,"minecraft:rose_bush":1,"minecraft:poppy":1,"minecraft:melon_slice":53,"minecraft:chest":3,"minecraft:acacia_sapling":6,"farmersdelight:cabbage_seeds":13,"minecraft:stick":66,"minecraft:pumpkin":6,"croptopia:greenbean_seed":1,"minecraft:torch":9,"minecraft:acacia_log":8,"minecraft:spyglass":2,"minecraft:spruce_stairs":4,"minecraft:amethyst_shard":1,"farmersdelight:tomato_seeds":8,"minecraft:melon":8,"minecraft:spruce_sapling":1,"minecraft:spruce_log":7,"alexsmobs:animal_dictionary":1,"minecraft:orange_bed":1,"minecraft:stone_sword":2,"minecraft:arrow":2,"minecraft:purple_bed":3,"croptopia:persimmon":34,"minecraft:iron_block":2,"croptopia:greenbean":1,"minecraft:emerald":1,"alexsmobs:maggot":2,"minecraft:oak_sapling":2,"minecraft:mutton":3,"minecraft:white_wool":6,"minecraft:cobblestone":21,"minecraft:sunflower":1},"minecraft:dropped":{"minecraft:spyglass":1,"minecraft:stone_sword":2,"minecraft:lantern":1,"minecraft:flint":1},"minecraft:custom":{"minecraft:interact_with_furnace":10,"minecraft:mob_kills":7,"minecraft:interact_with_crafting_table":15,"minecraft:leave_game":1,"minecraft:time_since_death":80011,"minecraft:sleep_in_bed":3,"minecraft:time_since_rest":5407,"minecraft:sprint_one_cm":57490,"minecraft:damage_taken":135,"minecraft:walk_one_cm":368030,"minecraft:drop":5,"minecraft:damage_dealt":899,"minecraft:fly_one_cm":48241,"minecraft:open_chest":76,"minecraft:crouch_one_cm":868,"minecraft:play_time":80011,"minecraft:sneak_time":236,"minecraft:walk_under_water_one_cm":167,"minecraft:jump":796,"minecraft:walk_on_water_one_cm":137,"minecraft:total_world_time":80011,"minecraft:fall_one_cm":15035},"minecraft:killed":{"minecraft:sheep":3,"minecraft:skeleton":1,"alexsmobs:blue_jay":1,"minecraft:zombie":1,"alexsmobs:bison":1},"minecraft:mined":{"croptopia:bellpepper_crop":1,"minecraft:acacia_leaves":1,"minecraft:spruce_planks":1,"minecraft:red_bed":1,"croptopia:greenbean_crop":1,"minecraft:dark_oak_leaves":4,"minecraft:torch":1,"minecraft:crafting_table":1,"croptopia:persimmon_crop":18,"minecraft:acacia_log":8,"minecraft:poppy":1,"minecraft:grass_block":57,"minecraft:melon":12,"minecraft:chest":3,"minecraft:rose_bush":1,"biomesoplenty:high_grass_plant":67,"farmersdelight:cabbages":1,"minecraft:cobblestone":1,"minecraft:tall_grass":9,"farmersdelight:tomatoes":4,"minecraft:spruce_leaves":3,"biomesoplenty:sprout":4,"minecraft:blue_bed":1,"minecraft:wall_torch":5,"minecraft:spruce_stairs":4,"minecraft:purple_bed":3,"croptopia:pear_crop":8,"minecraft:spruce_log":7,"minecraft:pumpkin":3,"minecraft:bell":1,"minecraft:grass":36,"minecraft:oak_log":11,"biomesoplenty:high_grass":32,"minecraft:sunflower":1,"minecraft:dirt":26,"minecraft:red_mushroom_block":5,"minecraft:stone":20,"minecraft:oak_leaves":65,"minecraft:orange_bed":1},"minecraft:crafted":{"minecraft:red_dye":1,"minecraft:oak_planks":20,"minecraft:stone_shovel":1,"sophisticatedbackpacks:backpack":2,"minecraft:crafting_table":2,"minecraft:spruce_planks":52,"minecraft:wooden_pickaxe":1,"minecraft:furnace":1,"minecraft:stone_axe":1,"minecraft:orange_dye":2,"minecraft:cooked_mutton":3,"minecraft:air":0,"minecraft:iron_boots":1,"minecraft:iron_chestplate":1,"minecraft:yellow_dye":2,"minecraft:charcoal":6,"minecraft:shield":1,"minecraft:melon_seeds":12,"minecraft:stick":88,"minecraft:iron_ingot":18,"minecraft:stone_pickaxe":1,"minecraft:stone_sword":1,"minecraft:chest":3,"minecraft:acacia_planks":32,"minecraft:torch":24,"minecraft:stone_hoe":1,"sophisticatedbackpacks:iron_backpack":1}},"DataVersion":3465}