{"stats":{"minecraft:used":{"minecraft:stone_sword":14,"minecraft:stone_shovel":1,"minecraft:stone_pickaxe":17,"minecraft:chest":1,"minecraft:wooden_pickaxe":4,"minecraft:dirt":14,"minecraft:crafting_table":2,"minecraft:melon_slice":6,"minecraft:stone_axe":34,"minecraft:purple_bed":1,"minecraft:furnace":1,"alexsmobs:animal_dictionary":1,"minecraft:acacia_planks":1},"minecraft:picked_up":{"minecraft:crafting_table":1,"minecraft:flint":1,"minecraft:oak_log":11,"farmersdelight:tomato":5,"minecraft:dirt":18,"minecraft:red_bed":1,"minecraft:lantern":1,"croptopia:bellpepper_seed":2,"croptopia:pear":8,"minecraft:sea_pickle":1,"minecraft:wheat_seeds":1,"minecraft:bell":1,"minecraft:rose_bush":1,"minecraft:melon_slice":53,"minecraft:chest":1,"minecraft:acacia_sapling":3,"farmersdelight:cabbage_seeds":1,"minecraft:stick":2,"minecraft:pumpkin":3,"minecraft:torch":4,"minecraft:acacia_log":8,"farmersdelight:tomato_seeds":4,"minecraft:melon":4,"minecraft:orange_bed":1,"minecraft:stone_sword":1,"minecraft:arrow":1,"minecraft:purple_bed":1,"croptopia:persimmon":17,"alexsmobs:maggot":1,"minecraft:oak_sapling":1,"minecraft:mutton":3,"minecraft:white_wool":3,"minecraft:cobblestone":20},"minecraft:dropped":{"minecraft:stone_sword":1,"minecraft:lantern":1,"minecraft:flint":1},"minecraft:custom":{"minecraft:interact_with_furnace":3,"minecraft:mob_kills":4,"minecraft:interact_with_crafting_table":4,"minecraft:leave_game":1,"minecraft:time_since_death":44557,"minecraft:sleep_in_bed":1,"minecraft:time_since_rest":14755,"minecraft:sprint_one_cm":30198,"minecraft:damage_taken":82,"minecraft:walk_one_cm":253985,"minecraft:drop":3,"minecraft:damage_dealt":440,"minecraft:fly_one_cm":21522,"minecraft:open_chest":30,"minecraft:crouch_one_cm":706,"minecraft:play_time":44557,"minecraft:sneak_time":161,"minecraft:jump":536,"minecraft:total_world_time":44557,"minecraft:fall_one_cm":7354},"minecraft:killed":{"minecraft:sheep":3,"minecraft:skeleton":1},"minecraft:mined":{"croptopia:bellpepper_crop":1,"minecraft:acacia_leaves":1,"minecraft:red_bed":1,"minecraft:dark_oak_leaves":4,"minecraft:crafting_table":1,"croptopia:persimmon_crop":18,"minecraft:acacia_log":8,"minecraft:grass_block":8,"minecraft:melon":12,"minecraft:chest":1,"minecraft:rose_bush":1,"biomesoplenty:high_grass_plant":54,"farmersdelight:cabbages":1,"minecraft:tall_grass":5,"farmersdelight:tomatoes":4,"biomesoplenty:sprout":2,"minecraft:wall_torch":4,"minecraft:purple_bed":1,"croptopia:pear_crop":8,"minecraft:pumpkin":3,"minecraft:bell":1,"minecraft:grass":16,"minecraft:oak_log":11,"biomesoplenty:high_grass":22,"minecraft:dirt":12,"minecraft:red_mushroom_block":5,"minecraft:stone":20,"minecraft:oak_leaves":63,"minecraft:orange_bed":1},"minecraft:crafted":{"minecraft:stone_shovel":1,"minecraft:crafting_table":1,"minecraft:spruce_planks":24,"minecraft:wooden_pickaxe":1,"minecraft:furnace":1,"minecraft:stone_axe":1,"minecraft:air":0,"minecraft:charcoal":6,"minecraft:stick":88,"minecraft:stone_pickaxe":1,"minecraft:stone_sword":1,"minecraft:acacia_planks":32,"minecraft:torch":24}},"DataVersion":3465}