{"stats":{"minecraft:used":{"minecraft:stone_sword":30,"minecraft:stone_shovel":80,"farmersdelight:cabbage_seeds":12,"minecraft:chest":5,"minecraft:stone_hoe":27,"minecraft:torch":12,"minecraft:dirt":72,"minecraft:spyglass":6,"minecraft:melon_seeds":6,"minecraft:sweet_berries":18,"minecraft:oak_sapling":1,"minecraft:furnace":1,"croptopia:greenbean_seed":1,"minecraft:potato":2,"minecraft:acacia_planks":1,"minecraft:wheat_seeds":4,"minecraft:water_bucket":8,"minecraft:stone_pickaxe":39,"minecraft:wooden_pickaxe":4,"minecraft:blue_bed":1,"minecraft:crafting_table":3,"minecraft:melon_slice":25,"minecraft:stone_axe":56,"minecraft:purple_bed":1,"minecraft:bucket":9,"alexsmobs:animal_dictionary":1},"minecraft:picked_up":{"sophisticatedbackpacks:gold_backpack":1,"minecraft:crafting_table":1,"minecraft:iron_chestplate":2,"minecraft:leather_leggings":2,"minecraft:wooden_pickaxe":1,"minecraft:shield":1,"minecraft:red_bed":2,"minecraft:iron_axe":1,"minecraft:iron_leggings":2,"croptopia:bellpepper_seed":4,"croptopia:pear":16,"minecraft:sea_pickle":2,"minecraft:bucket":1,"minecraft:spruce_planks":1,"minecraft:beef":7,"minecraft:rose_bush":1,"minecraft:poppy":1,"minecraft:iron_pickaxe":1,"minecraft:melon_slice":53,"minecraft:chest":3,"farmersdelight:cabbage_seeds":13,"minecraft:iron_boots":2,"minecraft:raw_iron":4,"minecraft:stick":66,"croptopia:greenbean_seed":1,"minecraft:torch":10,"minecraft:acacia_log":8,"minecraft:spruce_stairs":4,"sophisticatedbackpacks:backpack":2,"farmersdelight:tomato_seeds":8,"minecraft:orange_bed":1,"minecraft:stone_sword":2,"minecraft:arrow":3,"croptopia:persimmon":34,"minecraft:iron_block":2,"minecraft:mutton":3,"minecraft:cobblestone":57,"minecraft:white_wool":6,"minecraft:lilac":1,"minecraft:water_bucket":1,"minecraft:leather":4,"minecraft:potato":2,"alexsmobs:bison_fur":2,"minecraft:flint":6,"minecraft:tuff":16,"minecraft:oak_log":11,"minecraft:dirt":86,"farmersdelight:tomato":10,"minecraft:blue_bed":1,"minecraft:lantern":1,"minecraft:bone":2,"minecraft:wheat_seeds":5,"minecraft:bell":2,"minecraft:iron_ingot":6,"minecraft:iron_sword":1,"minecraft:acacia_sapling":6,"minecraft:pumpkin":6,"minecraft:spyglass":3,"minecraft:gravel":13,"minecraft:amethyst_shard":1,"minecraft:melon":8,"minecraft:spruce_sapling":1,"sophisticatedbackpacks:iron_backpack":1,"minecraft:spruce_log":7,"minecraft:grass_block":1,"alexsmobs:animal_dictionary":1,"minecraft:purple_bed":3,"minecraft:stone_axe":1,"minecraft:iron_helmet":2,"croptopia:greenbean":1,"minecraft:bread":31,"minecraft:emerald":1,"alexsmobs:maggot":2,"minecraft:oak_sapling":2,"minecraft:coal":10,"minecraft:sunflower":1,"minecraft:ender_pearl":1},"minecraft:dropped":{"minecraft:water_bucket":1,"sophisticatedbackpacks:iron_backpack":1,"minecraft:bread":20,"minecraft:iron_sword":1,"minecraft:ender_pearl":1,"minecraft:iron_helmet":2,"minecraft:lantern":1,"minecraft:grass_block":1,"sophisticatedbackpacks:gold_backpack":1,"minecraft:flint":1,"minecraft:iron_leggings":2,"minecraft:iron_axe":1,"minecraft:iron_pickaxe":1,"minecraft:stone_axe":1,"minecraft:spyglass":2,"minecraft:stone_sword":2,"minecraft:tuff":16,"minecraft:iron_boots":2,"sophisticatedbackpacks:backpack":2,"minecraft:shield":1,"minecraft:iron_chestplate":2},"minecraft:custom":{"minecraft:mob_kills":9,"minecraft:interact_with_crafting_table":15,"minecraft:leave_game":1,"minecraft:time_since_death":92011,"minecraft:sprint_one_cm":81237,"minecraft:walk_one_cm":440406,"minecraft:drop":38,"minecraft:play_time":92011,"minecraft:sneak_time":236,"minecraft:walk_under_water_one_cm":167,"minecraft:jump":1061,"minecraft:walk_on_water_one_cm":137,"minecraft:total_world_time":92011,"minecraft:interact_with_furnace":10,"minecraft:sleep_in_bed":3,"minecraft:time_since_rest":17407,"minecraft:damage_taken":350,"minecraft:damage_dealt":1339,"minecraft:fly_one_cm":85747,"minecraft:open_chest":77,"minecraft:crouch_one_cm":868,"minecraft:fall_one_cm":21423},"minecraft:killed":{"minecraft:skeleton":2,"alexsmobs:blue_jay":1,"alexsmobs:bison":1,"minecraft:sheep":3,"minecraft:zombie":1,"minecraft:enderman":1},"minecraft:mined":{"croptopia:bellpepper_crop":1,"minecraft:spruce_planks":1,"croptopia:greenbean_crop":1,"minecraft:dark_oak_leaves":4,"minecraft:glow_lichen":1,"croptopia:persimmon_crop":18,"minecraft:acacia_log":8,"minecraft:grass_block":57,"farmersdelight:tomatoes":4,"minecraft:spruce_leaves":3,"minecraft:iron_ore":2,"minecraft:pumpkin":3,"minecraft:bell":1,"biomesoplenty:high_grass":32,"minecraft:stone":27,"minecraft:orange_bed":1,"minecraft:acacia_leaves":1,"minecraft:red_bed":1,"minecraft:crafting_table":1,"minecraft:torch":1,"minecraft:poppy":1,"minecraft:melon":12,"minecraft:chest":3,"minecraft:rose_bush":2,"biomesoplenty:high_grass_plant":67,"farmersdelight:cabbages":1,"minecraft:tall_grass":9,"minecraft:cobblestone":1,"biomesoplenty:sprout":4,"minecraft:wall_torch":6,"minecraft:blue_bed":1,"minecraft:spruce_stairs":4,"minecraft:purple_bed":3,"croptopia:pear_crop":8,"minecraft:spruce_log":7,"minecraft:grass":36,"minecraft:coal_ore":10,"minecraft:oak_log":11,"minecraft:sunflower":1,"minecraft:gravel":16,"minecraft:dirt":30,"minecraft:red_mushroom_block":5,"minecraft:oak_leaves":65},"minecraft:crafted":{"minecraft:oak_planks":20,"minecraft:stone_shovel":1,"minecraft:furnace":1,"minecraft:cooked_mutton":3,"minecraft:iron_boots":1,"minecraft:melon_seeds":12,"minecraft:stone_pickaxe":1,"minecraft:chest":3,"minecraft:stone_hoe":1,"sophisticatedbackpacks:iron_backpack":1,"minecraft:red_dye":1,"sophisticatedbackpacks:backpack":2,"minecraft:crafting_table":2,"minecraft:spruce_planks":52,"minecraft:wooden_pickaxe":1,"minecraft:stone_axe":1,"minecraft:orange_dye":2,"minecraft:air":0,"minecraft:iron_chestplate":1,"minecraft:charcoal":6,"minecraft:yellow_dye":2,"minecraft:shield":1,"minecraft:stick":88,"minecraft:iron_ingot":18,"minecraft:stone_sword":1,"minecraft:acacia_planks":32,"minecraft:torch":24}},"DataVersion":3465}