{"stats":{"minecraft:used":{"minecraft:stone_sword":9,"minecraft:stone_shovel":1,"minecraft:stone_pickaxe":17,"minecraft:wooden_pickaxe":4,"minecraft:stone_axe":29,"minecraft:dirt":10,"minecraft:crafting_table":1,"minecraft:furnace":1,"alexsmobs:animal_dictionary":1},"minecraft:picked_up":{"minecraft:crafting_table":1,"minecraft:pumpkin":3,"minecraft:acacia_log":8,"farmersdelight:tomato_seeds":4,"minecraft:oak_log":6,"minecraft:melon":4,"minecraft:red_bed":1,"farmersdelight:tomato":5,"minecraft:dirt":14,"minecraft:lantern":1,"minecraft:orange_bed":1,"minecraft:sea_pickle":1,"minecraft:bell":1,"alexsmobs:maggot":1,"minecraft:melon_slice":53,"farmersdelight:cabbage_seeds":1,"minecraft:mutton":3,"minecraft:acacia_sapling":3,"minecraft:white_wool":3,"minecraft:cobblestone":20},"minecraft:custom":{"minecraft:time_since_rest":18470,"minecraft:interact_with_furnace":3,"minecraft:sprint_one_cm":26605,"minecraft:walk_one_cm":89406,"minecraft:mob_kills":3,"minecraft:damage_dealt":240,"minecraft:interact_with_crafting_table":4,"minecraft:fly_one_cm":17804,"minecraft:open_chest":2,"minecraft:crouch_one_cm":86,"minecraft:play_time":18470,"minecraft:sneak_time":15,"minecraft:jump":188,"minecraft:time_since_death":18470,"minecraft:total_world_time":18470,"minecraft:fall_one_cm":3998},"minecraft:killed":{"minecraft:sheep":3},"minecraft:mined":{"minecraft:acacia_leaves":1,"minecraft:red_bed":1,"minecraft:pumpkin":3,"minecraft:crafting_table":1,"minecraft:bell":1,"minecraft:grass":5,"minecraft:acacia_log":8,"minecraft:grass_block":5,"minecraft:oak_log":6,"minecraft:melon":12,"minecraft:dirt":11,"farmersdelight:cabbages":1,"farmersdelight:tomatoes":4,"minecraft:red_mushroom_block":5,"minecraft:stone":20,"minecraft:oak_leaves":1,"minecraft:orange_bed":1},"minecraft:crafted":{"minecraft:stone_shovel":1,"minecraft:charcoal":6,"minecraft:crafting_table":1,"minecraft:stick":16,"minecraft:wooden_pickaxe":1,"minecraft:stone_pickaxe":1,"minecraft:stone_sword":1,"minecraft:furnace":1,"minecraft:acacia_planks":32,"minecraft:torch":24,"minecraft:stone_axe":1,"minecraft:air":0}},"DataVersion":3465}