{"stats":{"minecraft:killed":{"minecraft:pig":1,"minecraft:chicken":1},"minecraft:used":{"minecraft:dirt":1,"minecraft:stone_sword":5,"minecraft:stone_pickaxe":25,"minecraft:chicken":1,"minecraft:bread":5,"minecraft:white_bed":1},"minecraft:killed_by":{"minecraft:skeleton":1},"minecraft:mined":{"minecraft:grass_block":1,"minecraft:white_bed":1,"minecraft:mossy_cobblestone":24,"minecraft:oak_leaves":5,"minecraft:fern":1},"minecraft:picked_up":{"minecraft:rotten_flesh":1,"minecraft:stone_sword":1,"minecraft:chicken":1,"minecraft:stone_pickaxe":1,"minecraft:porkchop":3,"minecraft:cyan_terracotta":1,"minecraft:bread":12,"minecraft:white_bed":1,"minecraft:dirt":1,"minecraft:mossy_cobblestone":24},"minecraft:custom":{"minecraft:open_chest":2,"minecraft:time_since_rest":40374,"minecraft:crouch_one_cm":697,"minecraft:sneak_time":979,"minecraft:deaths":1,"minecraft:play_time":51347,"minecraft:sprint_one_cm":93926,"minecraft:damage_taken":540,"minecraft:walk_one_cm":58735,"minecraft:walk_under_water_one_cm":4877,"minecraft:mob_kills":3,"minecraft:jump":713,"minecraft:damage_dealt":431,"minecraft:leave_game":2,"minecraft:time_since_death":42256,"minecraft:walk_on_water_one_cm":1364,"minecraft:sleep_in_bed":3,"minecraft:total_world_time":51347,"minecraft:swim_one_cm":11206,"minecraft:fall_one_cm":19929,"minecraft:fly_one_cm":705261}},"DataVersion":3465}