{"stats":{"minecraft:dropped":{"minecraft:wheat_seeds":14,"croptopia:hops_seed":1,"minecraft:cobblestone":100,"minecraft:dirt":11,"minecraft:melon_slice":28,"minecraft:snowball":45,"biomesoplenty:glowshroom":2,"croptopia:kiwi":1,"minecraft:bone":7,"minecraft:gravel":26,"minecraft:stone_axe":1,"alexsmobs:gazelle_horn":4,"croptopia:leek_seed":3,"minecraft:rotten_flesh":4,"biomesoplenty:glowing_moss_block":1,"supplementaries:antique_ink":1,"minecraft:hay_block":26,"croptopia:kiwi_seed":1,"minecraft:spruce_planks":4,"spelunkers_charm:rock":1,"minecraft:beef":4,"alexsmobs:tarantula_hawk_elytra":1,"minecraft:stone_pickaxe":1},"minecraft:killed_by":{"alexsmobs:centipede_head":1,"minecraft:skeleton":1,"alexsmobs:rhinoceros":1},"minecraft:used":{"croptopia:leek":2,"minecraft:melon":1,"croptopia:zucchini":1,"minecraft:torch":13,"minecraft:dirt":41,"minecraft:mutton":2,"minecraft:snowball":15,"minecraft:grass_block":6,"minecraft:iron_axe":10,"minecraft:furnace":3,"croptopia:squash":1,"minecraft:cooked_mutton":3,"minecraft:water_bucket":22,"minecraft:stone_pickaxe":411,"farmersdelight:golden_knife":11,"minecraft:wooden_pickaxe":31,"minecraft:crafting_table":7,"minecraft:white_bed":2,"minecraft:bread":24,"minecraft:iron_pickaxe":10,"minecraft:stone_axe":94,"minecraft:cobblestone":10,"croptopia:kiwi":4,"minecraft:bucket":24,"minecraft:bone_meal":24},"minecraft:custom":{"minecraft:interact_with_smithing_table":1,"minecraft:mob_kills":26,"minecraft:interact_with_crafting_table":20,"minecraft:open_barrel":4,"minecraft:leave_game":4,"minecraft:time_since_death":23154,"minecraft:climb_one_cm":206,"minecraft:sprint_one_cm":550667,"minecraft:walk_one_cm":240681,"minecraft:drop":54,"minecraft:play_time":157129,"minecraft:deaths":4,"minecraft:sneak_time":2708,"minecraft:walk_under_water_one_cm":18462,"minecraft:jump":2992,"minecraft:walk_on_water_one_cm":31163,"minecraft:total_world_time":157129,"minecraft:interact_with_furnace":11,"minecraft:sleep_in_bed":2,"minecraft:time_since_rest":23188,"minecraft:damage_taken":1990,"minecraft:damage_dealt":3908,"minecraft:swim_one_cm":131294,"minecraft:fly_one_cm":800374,"minecraft:open_chest":21,"minecraft:crouch_one_cm":7102,"minecraft:fall_one_cm":72271},"minecraft:crafted":{"minecraft:oak_planks":24,"minecraft:raw_iron":81,"minecraft:furnace":2,"minecraft:bone_meal":24,"minecraft:cooked_mutton":6,"minecraft:iron_boots":1,"minecraft:iron_axe":1,"minecraft:stone_pickaxe":7,"minecraft:wheat":18,"minecraft:crafting_table":7,"minecraft:spruce_planks":76,"minecraft:wooden_pickaxe":2,"minecraft:iron_helmet":1,"minecraft:bucket":2,"minecraft:stone_axe":1,"minecraft:bread":6,"minecraft:air":0,"minecraft:iron_chestplate":1,"minecraft:stick":28,"minecraft:iron_ingot":9,"minecraft:iron_pickaxe":1,"minecraft:iron_leggings":1,"minecraft:white_bed":2,"minecraft:torch":16},"minecraft:killed":{"minecraft:spider":3,"minecraft:chicken":1,"minecraft:pig":4,"minecraft:zombie_villager":1,"minecraft:sheep":7,"minecraft:zombie":6,"alexsmobs:gazelle":2,"minecraft:cow":2},"minecraft:broken":{"minecraft:stone_pickaxe":2},"minecraft:picked_up":{"minecraft:coarse_dirt":9,"croptopia:zucchini":2,"minecraft:chicken":9,"minecraft:wooden_pickaxe":4,"alexscaves:cave_tablet":1,"alexsmobs:gazelle_horn":4,"minecraft:iron_axe":1,"minecraft:iron_leggings":1,"minecraft:compass":1,"minecraft:cobbled_deepslate":4,"minecraft:beef":16,"minecraft:melon_slice":84,"farmersdelight:cabbage_seeds":3,"minecraft:iron_boots":1,"minecraft:furnace":1,"minecraft:stick":24,"minecraft:raw_iron":65,"minecraft:torch":15,"croptopia:rutabaga":1,"minecraft:porkchop":32,"croptopia:olive_seed":3,"farmersdelight:tomato_seeds":2,"croptopia:ginger_seed":21,"minecraft:arrow":4,"minecraft:rotten_flesh":9,"croptopia:squash_seed":4,"minecraft:hay_block":232,"supplementaries:antique_ink":1,"minecraft:saddle":6,"minecraft:mutton":20,"minecraft:snowball":60,"minecraft:white_wool":13,"minecraft:cobblestone":333,"minecraft:feather":8,"minecraft:water_bucket":1,"minecraft:leather":16,"biomesoplenty:glowshroom":2,"minecraft:potato":22,"minecraft:oak_log":6,"croptopia:leek":2,"minecraft:dirt":50,"minecraft:lantern":3,"croptopia:kiwi_seed":39,"croptopia:olive":2,"minecraft:bone":24,"minecraft:apple":9,"minecraft:wheat_seeds":32,"croptopia:squash":1,"minecraft:raw_gold":18,"minecraft:iron_ingot":28,"minecraft:stone_pickaxe":9,"croptopia:kiwi":10,"minecraft:book":1,"croptopia:ginger":13,"minecraft:raw_iron_block":20,"minecraft:gravel":26,"croptopia:hops":12,"minecraft:melon":1,"croptopia:rutabaga_seed":8,"minecraft:spruce_sapling":1,"minecraft:white_bed":2,"minecraft:spruce_log":17,"biomesoplenty:glowing_moss_block":1,"alexsmobs:animal_dictionary":4,"croptopia:hops_seed":13,"minecraft:stone_axe":4,"minecraft:iron_helmet":1,"croptopia:leek_seed":12,"minecraft:bread":20,"minecraft:coal":53,"croptopia:zucchini_seed":10,"spelunkers_charm:rock":2},"minecraft:mined":{"minecraft:tuff":6,"biomesoplenty:desert_grass":1,"minecraft:grass_block":4,"minecraft:spruce_leaves":4,"minecraft:moss_block":4,"minecraft:large_fern":1,"minecraft:hay_block":53,"minecraft:spore_blossom":1,"minecraft:raw_iron_block":10,"minecraft:iron_ore":9,"minecraft:deepslate_iron_ore":5,"minecraft:stone":331,"spelunkers_charm:rock_pile_1":1,"minecraft:podzol":1,"minecraft:glass_pane":1,"minecraft:clay":13,"minecraft:torch":3,"spelunkers_charm:dead_grass":1,"biomesoplenty:high_grass_plant":3,"minecraft:tall_grass":6,"biomesoplenty:sprout":1,"minecraft:deepslate_gold_ore":9,"supplementaries:urn":5,"minecraft:coarse_dirt":1,"minecraft:spruce_log":17,"minecraft:grass":27,"minecraft:oak_log":6,"minecraft:coal_ore":30,"minecraft:gravel":30,"minecraft:dirt":34,"minecraft:oak_leaves":8,"minecraft:deepslate":10,"minecraft:fern":1}},"DataVersion":3465}