{"stats":{"minecraft:dropped":{"minecraft:porkchop":8,"minecraft:wheat_seeds":14,"croptopia:hops_seed":1,"minecraft:oak_fence":3,"minecraft:cobblestone":100,"minecraft:dirt":11,"minecraft:melon_slice":28,"minecraft:snowball":45,"biomesoplenty:glowshroom":2,"croptopia:kiwi":1,"minecraft:bone":7,"minecraft:gravel":26,"minecraft:stone_axe":1,"alexsmobs:gazelle_horn":4,"minecraft:iron_nugget":2,"croptopia:leek_seed":3,"minecraft:chicken":2,"minecraft:rotten_flesh":6,"biomesoplenty:glowing_moss_block":1,"supplementaries:antique_ink":1,"minecraft:hay_block":26,"croptopia:kiwi_seed":1,"minecraft:spruce_planks":4,"spelunkers_charm:rock":1,"minecraft:beef":4,"alexsmobs:tarantula_hawk_elytra":1,"minecraft:stone_pickaxe":2,"minecraft:bell":1},"minecraft:killed_by":{"alexsmobs:centipede_head":1,"minecraft:skeleton":1,"alexsmobs:rhinoceros":1},"minecraft:used":{"croptopia:leek":2,"minecraft:melon":1,"croptopia:zucchini":1,"minecraft:torch":33,"minecraft:dirt":41,"minecraft:mutton":2,"minecraft:snowball":15,"minecraft:iron_axe":82,"minecraft:grass_block":6,"minecraft:furnace":4,"croptopia:squash":1,"minecraft:cobbled_deepslate":75,"minecraft:cooked_mutton":3,"minecraft:water_bucket":36,"minecraft:stone_pickaxe":640,"farmersdelight:golden_knife":11,"minecraft:wooden_pickaxe":31,"minecraft:golden_apple":1,"minecraft:crafting_table":8,"minecraft:white_bed":3,"minecraft:bread":37,"minecraft:iron_pickaxe":516,"minecraft:stone_axe":94,"minecraft:cobblestone":14,"croptopia:kiwi":4,"minecraft:bucket":37,"minecraft:bone_meal":24},"minecraft:custom":{"minecraft:interact_with_smithing_table":1,"minecraft:mob_kills":44,"minecraft:interact_with_crafting_table":26,"minecraft:open_barrel":4,"minecraft:leave_game":4,"minecraft:time_since_death":72736,"minecraft:climb_one_cm":206,"minecraft:sprint_one_cm":743788,"minecraft:walk_one_cm":309025,"minecraft:drop":61,"minecraft:play_time":206711,"minecraft:deaths":4,"minecraft:sneak_time":9693,"minecraft:walk_under_water_one_cm":19030,"minecraft:jump":3313,"minecraft:walk_on_water_one_cm":49036,"minecraft:total_world_time":206711,"minecraft:interact_with_furnace":23,"minecraft:sleep_in_bed":3,"minecraft:time_since_rest":47609,"minecraft:damage_taken":2503,"minecraft:damage_absorbed":40,"minecraft:damage_dealt":6773,"minecraft:swim_one_cm":131294,"minecraft:fly_one_cm":817774,"minecraft:open_chest":29,"minecraft:crouch_one_cm":24929,"minecraft:fall_one_cm":74370},"minecraft:crafted":{"minecraft:oak_planks":24,"minecraft:raw_iron":90,"minecraft:furnace":3,"minecraft:bone_meal":24,"minecraft:cooked_mutton":6,"minecraft:iron_boots":1,"minecraft:iron_axe":1,"minecraft:stone_pickaxe":7,"minecraft:wheat":477,"minecraft:crafting_table":8,"minecraft:spruce_planks":76,"minecraft:wooden_pickaxe":2,"minecraft:iron_helmet":1,"minecraft:bucket":2,"minecraft:hay_block":33,"minecraft:stone_axe":1,"minecraft:bread":60,"minecraft:air":0,"minecraft:iron_chestplate":1,"minecraft:stick":32,"minecraft:iron_ingot":20,"minecraft:iron_pickaxe":2,"minecraft:iron_leggings":1,"minecraft:white_bed":2,"minecraft:torch":16},"minecraft:killed":{"minecraft:cave_spider":7,"minecraft:spider":9,"minecraft:skeleton":1,"minecraft:chicken":1,"minecraft:pig":4,"minecraft:zombie_villager":1,"minecraft:sheep":7,"minecraft:zombie":10,"alexsmobs:gazelle":2,"minecraft:cow":2},"minecraft:broken":{"minecraft:stone_pickaxe":4,"minecraft:iron_pickaxe":2},"minecraft:picked_up":{"minecraft:coarse_dirt":9,"croptopia:zucchini":2,"minecraft:chicken":9,"minecraft:wooden_pickaxe":4,"alexscaves:cave_tablet":1,"alexsmobs:gazelle_horn":4,"minecraft:string":20,"minecraft:raw_copper":11,"minecraft:iron_axe":1,"minecraft:iron_leggings":1,"minecraft:compass":1,"minecraft:blackstone":74,"minecraft:cobbled_deepslate":346,"minecraft:beef":16,"minecraft:iron_nugget":2,"minecraft:melon_slice":84,"farmersdelight:cabbage_seeds":3,"minecraft:iron_boots":1,"minecraft:furnace":1,"minecraft:stick":24,"minecraft:raw_iron":65,"minecraft:oak_fence":3,"minecraft:torch":34,"croptopia:rutabaga":1,"minecraft:porkchop":32,"croptopia:olive_seed":3,"farmersdelight:tomato_seeds":2,"croptopia:ginger_seed":21,"minecraft:redstone":21,"minecraft:arrow":4,"minecraft:rotten_flesh":11,"croptopia:squash_seed":4,"minecraft:hay_block":232,"supplementaries:antique_ink":1,"minecraft:saddle":6,"minecraft:mutton":20,"minecraft:rail":1,"minecraft:cobblestone":453,"minecraft:snowball":60,"minecraft:white_wool":13,"minecraft:magma_block":89,"minecraft:feather":8,"minecraft:water_bucket":1,"minecraft:leather":16,"biomesoplenty:glowshroom":2,"minecraft:potato":22,"minecraft:tuff":45,"minecraft:oak_log":6,"croptopia:leek":2,"minecraft:dirt":50,"minecraft:lantern":3,"croptopia:kiwi_seed":39,"croptopia:olive":2,"minecraft:bone":24,"minecraft:apple":9,"minecraft:wheat_seeds":32,"croptopia:squash":1,"minecraft:raw_gold":36,"minecraft:bell":1,"minecraft:iron_ingot":28,"minecraft:stone_pickaxe":9,"minecraft:oak_planks":6,"croptopia:kiwi":10,"minecraft:book":1,"croptopia:ginger":13,"minecraft:raw_iron_block":20,"minecraft:gravel":31,"croptopia:hops":12,"minecraft:melon":1,"croptopia:rutabaga_seed":8,"minecraft:spruce_sapling":1,"minecraft:white_bed":2,"minecraft:spruce_log":17,"minecraft:spider_eye":2,"biomesoplenty:glowing_moss_block":1,"alexsmobs:animal_dictionary":4,"croptopia:hops_seed":13,"minecraft:slime_ball":9,"minecraft:diamond":17,"minecraft:stone_axe":4,"croptopia:leek_seed":12,"minecraft:iron_helmet":1,"minecraft:bread":20,"minecraft:coal":53,"spelunkers_charm:rock":2,"croptopia:zucchini_seed":10},"minecraft:mined":{"minecraft:tuff":51,"minecraft:deepslate_diamond_ore":17,"biomesoplenty:desert_grass":1,"minecraft:grass_block":4,"minecraft:spruce_leaves":4,"minecraft:moss_block":4,"minecraft:spawner":2,"minecraft:large_fern":1,"minecraft:hay_block":53,"minecraft:spore_blossom":1,"minecraft:magma_block":90,"minecraft:raw_iron_block":10,"minecraft:cobbled_deepslate":3,"minecraft:iron_ore":9,"minecraft:deepslate_iron_ore":5,"minecraft:stone":451,"spelunkers_charm:rock_pile_1":1,"minecraft:podzol":1,"minecraft:deepslate_redstone_ore":5,"minecraft:glass_pane":1,"minecraft:blackstone":75,"minecraft:clay":13,"minecraft:torch":6,"spelunkers_charm:dead_grass":1,"biomesoplenty:high_grass_plant":3,"minecraft:copper_ore":3,"minecraft:tall_grass":6,"biomesoplenty:sprout":1,"minecraft:deepslate_gold_ore":27,"minecraft:oak_planks":7,"minecraft:wall_torch":4,"supplementaries:urn":11,"minecraft:coarse_dirt":1,"minecraft:spruce_log":17,"minecraft:grass":27,"minecraft:oak_log":6,"minecraft:coal_ore":30,"minecraft:gravel":35,"minecraft:dirt":34,"minecraft:oak_leaves":8,"minecraft:deepslate":355,"minecraft:fern":1}},"DataVersion":3465}