{"stats":{"minecraft:used":{"croptopia:leek":2,"minecraft:melon":1,"croptopia:zucchini":1,"minecraft:torch":56,"minecraft:dirt":41,"minecraft:mutton":2,"minecraft:snowball":15,"minecraft:iron_axe":139,"minecraft:grass_block":6,"minecraft:furnace":4,"croptopia:squash":1,"minecraft:cobbled_deepslate":82,"minecraft:cooked_mutton":3,"minecraft:water_bucket":44,"minecraft:stone_pickaxe":640,"minecraft:oak_planks":1,"farmersdelight:golden_knife":11,"minecraft:wooden_pickaxe":31,"minecraft:golden_apple":2,"minecraft:crafting_table":8,"minecraft:white_bed":3,"minecraft:bread":57,"minecraft:iron_pickaxe":645,"minecraft:stone_axe":94,"croptopia:kiwi":4,"minecraft:cobblestone":63,"minecraft:bucket":45,"minecraft:bone_meal":24},"minecraft:picked_up":{"minecraft:iron_chestplate":1,"minecraft:coarse_dirt":9,"croptopia:zucchini":2,"minecraft:chicken":9,"minecraft:wooden_pickaxe":4,"alexscaves:cave_tablet":2,"minecraft:enchanted_book":2,"minecraft:golden_shovel":3,"minecraft:shield":1,"alexsmobs:gazelle_horn":4,"minecraft:string":22,"minecraft:raw_copper":11,"minecraft:iron_axe":2,"minecraft:iron_leggings":2,"minecraft:compass":1,"minecraft:blackstone":74,"minecraft:activator_rail":1,"minecraft:gold_nugget":17,"minecraft:cobbled_deepslate":379,"minecraft:beef":16,"minecraft:iron_nugget":2,"minecraft:iron_pickaxe":2,"minecraft:melon_slice":84,"supplementaries:rope":5,"farmersdelight:cabbage_seeds":3,"minecraft:furnace":1,"minecraft:iron_boots":2,"minecraft:stick":31,"minecraft:raw_iron":66,"minecraft:oak_fence":7,"minecraft:torch":69,"croptopia:rutabaga":1,"sophisticatedbackpacks:backpack":2,"minecraft:porkchop":32,"croptopia:olive_seed":3,"farmersdelight:tomato_seeds":4,"croptopia:ginger_seed":21,"minecraft:carrot":1,"minecraft:redstone":28,"minecraft:arrow":5,"minecraft:rotten_flesh":31,"croptopia:squash_seed":4,"supplementaries:antique_ink":1,"minecraft:hay_block":232,"alexscaves:spelunkery_table":1,"farmersdelight:rope":12,"minecraft:saddle":6,"supplementaries:ash":18,"minecraft:glow_berries":2,"minecraft:skeleton_skull":1,"minecraft:mutton":20,"minecraft:snowball":60,"minecraft:rail":18,"minecraft:white_wool":13,"minecraft:cobblestone":528,"minecraft:magma_block":89,"minecraft:feather":8,"minecraft:water_bucket":2,"minecraft:leather":16,"biomesoplenty:glowshroom":2,"minecraft:potato":22,"spelunkers_charm:old_miners_bundle":4,"minecraft:flint":1,"minecraft:tuff":45,"minecraft:oak_log":9,"croptopia:leek":2,"minecraft:paper":10,"minecraft:dirt":59,"minecraft:lantern":3,"minecraft:name_tag":1,"croptopia:kiwi_seed":39,"croptopia:olive":2,"minecraft:bone":27,"minecraft:apple":9,"minecraft:wheat_seeds":32,"croptopia:squash":1,"minecraft:raw_gold":38,"minecraft:bell":1,"minecraft:iron_ingot":32,"minecraft:stone_pickaxe":9,"minecraft:cobweb":6,"minecraft:iron_sword":1,"minecraft:oak_planks":16,"croptopia:kiwi":10,"minecraft:book":1,"minecraft:oak_slab":1,"endrem:lost_eye":1,"croptopia:ginger":13,"minecraft:spyglass":1,"minecraft:raw_iron_block":20,"minecraft:gravel":49,"croptopia:hops":12,"minecraft:amethyst_shard":5,"minecraft:melon":1,"croptopia:rutabaga_seed":8,"minecraft:spruce_sapling":1,"sophisticatedbackpacks:iron_backpack":2,"minecraft:white_bed":2,"minecraft:spruce_log":17,"biomesoplenty:glowing_moss_block":1,"minecraft:spider_eye":3,"alexsmobs:animal_dictionary":4,"croptopia:hops_seed":13,"minecraft:slime_ball":9,"minecraft:diamond":24,"minecraft:stone_axe":4,"croptopia:leek_seed":12,"minecraft:iron_helmet":3,"minecraft:bread":57,"alexscaves:cave_map":1,"minecraft:oak_sapling":1,"spelunkers_charm:rock":2,"croptopia:zucchini_seed":10,"minecraft:coal":60},"minecraft:killed_by":{"alexsmobs:centipede_head":1,"minecraft:skeleton":1,"alexsmobs:rhinoceros":1},"minecraft:dropped":{"minecraft:water_bucket":1,"sophisticatedbackpacks:iron_backpack":2,"minecraft:enchanted_book":2,"minecraft:bread":37,"minecraft:iron_ingot":2,"minecraft:iron_sword":1,"minecraft:porkchop":8,"minecraft:wheat_seeds":14,"minecraft:lapis_lazuli":5,"croptopia:hops_seed":1,"minecraft:iron_helmet":2,"minecraft:oak_fence":3,"minecraft:cobblestone":100,"minecraft:glow_berries":2,"endrem:lost_eye":1,"spelunkers_charm:old_miners_bundle":2,"minecraft:stick":3,"minecraft:cobweb":6,"minecraft:dirt":11,"minecraft:melon_slice":28,"minecraft:snowball":45,"minecraft:iron_leggings":1,"alexscaves:cave_map":1,"minecraft:amethyst_shard":5,"minecraft:iron_axe":1,"biomesoplenty:glowshroom":2,"minecraft:iron_pickaxe":1,"croptopia:kiwi":1,"minecraft:bone":7,"minecraft:gravel":26,"minecraft:stone_axe":1,"alexsmobs:gazelle_horn":4,"minecraft:iron_nugget":2,"minecraft:cobbled_deepslate":39,"croptopia:leek_seed":3,"minecraft:chicken":2,"minecraft:rotten_flesh":10,"minecraft:oak_planks":1,"minecraft:iron_boots":1,"alexscaves:cave_codex":1,"sophisticatedbackpacks:backpack":2,"minecraft:golden_shovel":3,"biomesoplenty:glowing_moss_block":1,"supplementaries:antique_ink":1,"minecraft:hay_block":26,"minecraft:shield":1,"croptopia:kiwi_seed":1,"minecraft:spruce_planks":4,"minecraft:iron_chestplate":1,"spelunkers_charm:rock":1,"minecraft:oak_sapling":1,"minecraft:stone_pickaxe":2,"alexsmobs:tarantula_hawk_elytra":1,"minecraft:beef":4,"minecraft:raw_gold":2,"minecraft:bell":1},"minecraft:custom":{"minecraft:interact_with_smithing_table":1,"minecraft:mob_kills":64,"minecraft:interact_with_crafting_table":27,"minecraft:open_barrel":4,"minecraft:leave_game":4,"minecraft:time_since_death":144303,"minecraft:climb_one_cm":206,"minecraft:sprint_one_cm":1029387,"minecraft:walk_one_cm":420407,"minecraft:drop":117,"minecraft:play_time":278278,"minecraft:deaths":4,"minecraft:sneak_time":10322,"minecraft:walk_under_water_one_cm":39986,"minecraft:jump":4429,"minecraft:walk_on_water_one_cm":69716,"minecraft:total_world_time":278278,"minecraft:interact_with_furnace":26,"minecraft:interact_with_loom":5,"minecraft:sleep_in_bed":3,"minecraft:time_since_rest":119176,"minecraft:damage_taken":3285,"minecraft:damage_absorbed":80,"minecraft:damage_dealt":10464,"minecraft:swim_one_cm":142674,"minecraft:fly_one_cm":965698,"minecraft:open_chest":35,"minecraft:crouch_one_cm":26329,"minecraft:fall_one_cm":94506},"minecraft:broken":{"minecraft:stone_pickaxe":4,"minecraft:iron_axe":1,"minecraft:iron_pickaxe":2},"minecraft:killed":{"minecraft:cave_spider":7,"minecraft:spider":10,"minecraft:skeleton":4,"minecraft:chicken":1,"minecraft:pig":4,"minecraft:zombie_villager":1,"minecraft:sheep":7,"minecraft:zombie":26,"alexsmobs:gazelle":2,"minecraft:cow":2},"minecraft:mined":{"minecraft:tuff":51,"minecraft:deepslate_diamond_ore":17,"biomesoplenty:desert_grass":1,"minecraft:glow_lichen":1,"minecraft:grass_block":5,"minecraft:spruce_leaves":4,"minecraft:moss_block":4,"minecraft:spawner":2,"minecraft:large_fern":1,"minecraft:hay_block":53,"minecraft:spore_blossom":1,"minecraft:raw_iron_block":10,"minecraft:magma_block":90,"minecraft:fire":1,"minecraft:iron_ore":10,"minecraft:cobbled_deepslate":3,"minecraft:deepslate_iron_ore":5,"minecraft:stone":522,"spelunkers_charm:rock_pile_1":1,"minecraft:podzol":1,"minecraft:deepslate_redstone_ore":5,"minecraft:oak_slab":1,"minecraft:glass_pane":1,"minecraft:blackstone":75,"minecraft:oak_fence":2,"minecraft:clay":13,"minecraft:torch":9,"spelunkers_charm:dead_grass":1,"minecraft:cobblestone":5,"biomesoplenty:high_grass_plant":3,"minecraft:tall_grass":6,"minecraft:copper_ore":3,"biomesoplenty:sprout":1,"minecraft:deepslate_gold_ore":27,"minecraft:oak_planks":15,"minecraft:wall_torch":4,"supplementaries:urn":23,"minecraft:coarse_dirt":1,"minecraft:spruce_log":17,"minecraft:grass":27,"minecraft:oak_log":9,"minecraft:coal_ore":30,"minecraft:gravel":52,"minecraft:dirt":43,"minecraft:oak_leaves":16,"minecraft:deepslate":375,"minecraft:fern":1},"minecraft:crafted":{"minecraft:oak_planks":36,"minecraft:raw_iron":90,"minecraft:furnace":3,"minecraft:bone_meal":24,"alexscaves:cave_map":1,"minecraft:cooked_mutton":6,"minecraft:iron_boots":1,"minecraft:iron_axe":1,"minecraft:stone_pickaxe":7,"minecraft:wheat":477,"minecraft:crafting_table":9,"minecraft:spruce_planks":76,"minecraft:wooden_pickaxe":2,"minecraft:iron_helmet":1,"minecraft:bucket":2,"minecraft:hay_block":33,"minecraft:stone_axe":1,"minecraft:bread":60,"minecraft:air":0,"minecraft:iron_chestplate":1,"minecraft:stick":32,"minecraft:iron_ingot":20,"minecraft:iron_pickaxe":2,"minecraft:iron_leggings":1,"minecraft:white_bed":2,"minecraft:torch":16}},"DataVersion":3465}