{"stats":{"minecraft:dropped":{"minecraft:wheat_seeds":14,"croptopia:hops_seed":1,"minecraft:cobblestone":11,"minecraft:snowball":45,"biomesoplenty:glowshroom":2,"minecraft:bone":7,"minecraft:gravel":26,"minecraft:stone_axe":1,"alexsmobs:gazelle_horn":4,"croptopia:leek_seed":3,"minecraft:rotten_flesh":4,"biomesoplenty:glowing_moss_block":1,"supplementaries:antique_ink":1,"minecraft:hay_block":26,"croptopia:kiwi_seed":1,"minecraft:spruce_planks":3,"alexsmobs:tarantula_hawk_elytra":1},"minecraft:killed_by":{"alexsmobs:centipede_head":1,"minecraft:skeleton":1,"alexsmobs:rhinoceros":1},"minecraft:used":{"croptopia:leek":2,"minecraft:melon":1,"croptopia:zucchini":1,"minecraft:torch":13,"minecraft:dirt":41,"minecraft:mutton":2,"minecraft:snowball":15,"minecraft:grass_block":6,"minecraft:iron_axe":10,"minecraft:furnace":3,"croptopia:squash":1,"minecraft:cooked_mutton":3,"minecraft:water_bucket":22,"minecraft:stone_pickaxe":297,"farmersdelight:golden_knife":11,"minecraft:wooden_pickaxe":20,"minecraft:crafting_table":5,"minecraft:white_bed":2,"minecraft:bread":17,"minecraft:iron_pickaxe":10,"minecraft:stone_axe":94,"minecraft:cobblestone":10,"croptopia:kiwi":4,"minecraft:bucket":23,"minecraft:bone_meal":24},"minecraft:custom":{"minecraft:mob_kills":26,"minecraft:interact_with_crafting_table":13,"minecraft:open_barrel":3,"minecraft:leave_game":3,"minecraft:time_since_death":6779,"minecraft:climb_one_cm":206,"minecraft:sprint_one_cm":483094,"minecraft:walk_one_cm":197216,"minecraft:drop":45,"minecraft:play_time":140754,"minecraft:deaths":4,"minecraft:sneak_time":2706,"minecraft:walk_under_water_one_cm":18447,"minecraft:jump":2707,"minecraft:walk_on_water_one_cm":31135,"minecraft:total_world_time":140754,"minecraft:interact_with_furnace":11,"minecraft:sleep_in_bed":2,"minecraft:time_since_rest":6813,"minecraft:damage_taken":1785,"minecraft:damage_dealt":3908,"minecraft:swim_one_cm":131294,"minecraft:fly_one_cm":738810,"minecraft:open_chest":13,"minecraft:crouch_one_cm":7065,"minecraft:fall_one_cm":61045},"minecraft:crafted":{"minecraft:oak_planks":16,"minecraft:raw_iron":81,"minecraft:furnace":2,"minecraft:bone_meal":24,"minecraft:cooked_mutton":6,"minecraft:iron_boots":1,"minecraft:iron_axe":1,"minecraft:stone_pickaxe":4,"minecraft:crafting_table":5,"minecraft:spruce_planks":68,"minecraft:wooden_pickaxe":1,"minecraft:iron_helmet":1,"minecraft:bucket":1,"minecraft:stone_axe":1,"minecraft:air":0,"minecraft:iron_chestplate":1,"minecraft:stick":20,"minecraft:iron_ingot":9,"minecraft:iron_pickaxe":1,"minecraft:iron_leggings":1,"minecraft:white_bed":2,"minecraft:torch":16},"minecraft:killed":{"minecraft:spider":3,"minecraft:chicken":1,"minecraft:pig":4,"minecraft:zombie_villager":1,"minecraft:sheep":7,"minecraft:zombie":6,"alexsmobs:gazelle":2,"minecraft:cow":2},"minecraft:broken":{"minecraft:stone_pickaxe":2},"minecraft:picked_up":{"minecraft:coarse_dirt":9,"croptopia:zucchini":2,"minecraft:chicken":7,"minecraft:wooden_pickaxe":3,"alexsmobs:gazelle_horn":4,"minecraft:beef":12,"minecraft:melon_slice":56,"farmersdelight:cabbage_seeds":3,"minecraft:furnace":1,"minecraft:stick":24,"minecraft:raw_iron":65,"minecraft:torch":6,"croptopia:rutabaga":1,"minecraft:porkchop":24,"croptopia:olive_seed":3,"farmersdelight:tomato_seeds":2,"croptopia:ginger_seed":21,"minecraft:arrow":4,"minecraft:rotten_flesh":9,"croptopia:squash_seed":4,"minecraft:hay_block":179,"supplementaries:antique_ink":1,"minecraft:saddle":4,"minecraft:mutton":18,"minecraft:snowball":60,"minecraft:white_wool":13,"minecraft:cobblestone":180,"minecraft:feather":8,"minecraft:leather":16,"biomesoplenty:glowshroom":2,"minecraft:oak_log":4,"croptopia:leek":2,"minecraft:dirt":39,"minecraft:lantern":3,"croptopia:kiwi_seed":39,"croptopia:olive":2,"minecraft:bone":24,"minecraft:apple":4,"minecraft:wheat_seeds":32,"croptopia:squash":1,"minecraft:raw_gold":9,"minecraft:iron_ingot":28,"minecraft:stone_pickaxe":6,"croptopia:kiwi":9,"croptopia:ginger":13,"minecraft:raw_iron_block":19,"minecraft:gravel":26,"croptopia:hops":12,"minecraft:melon":1,"croptopia:rutabaga_seed":8,"minecraft:spruce_sapling":1,"minecraft:white_bed":1,"minecraft:spruce_log":17,"biomesoplenty:glowing_moss_block":1,"alexsmobs:animal_dictionary":3,"croptopia:hops_seed":13,"minecraft:stone_axe":4,"croptopia:leek_seed":12,"minecraft:bread":20,"minecraft:coal":53,"croptopia:zucchini_seed":10,"spelunkers_charm:rock":1},"minecraft:mined":{"minecraft:tuff":6,"biomesoplenty:desert_grass":1,"minecraft:grass_block":2,"minecraft:spruce_leaves":4,"minecraft:moss_block":4,"minecraft:large_fern":1,"minecraft:hay_block":51,"minecraft:spore_blossom":1,"minecraft:raw_iron_block":10,"minecraft:iron_ore":9,"minecraft:deepslate_iron_ore":5,"minecraft:stone":222,"spelunkers_charm:rock_pile_1":1,"minecraft:podzol":1,"minecraft:glass_pane":1,"minecraft:clay":13,"minecraft:torch":3,"spelunkers_charm:dead_grass":1,"biomesoplenty:high_grass_plant":2,"minecraft:tall_grass":6,"minecraft:deepslate_gold_ore":9,"supplementaries:urn":5,"minecraft:coarse_dirt":1,"minecraft:spruce_log":17,"minecraft:grass":27,"minecraft:oak_log":4,"minecraft:coal_ore":30,"minecraft:gravel":30,"minecraft:dirt":25,"minecraft:oak_leaves":1,"minecraft:deepslate":2,"minecraft:fern":1}},"DataVersion":3465}