{"stats":{"minecraft:broken":{"minecraft:stone_pickaxe":2},"minecraft:custom":{"minecraft:interact_with_furnace":11,"minecraft:mob_kills":22,"minecraft:interact_with_crafting_table":13,"minecraft:open_barrel":3,"minecraft:leave_game":3,"minecraft:time_since_death":55439,"minecraft:sleep_in_bed":2,"minecraft:climb_one_cm":206,"minecraft:time_since_rest":22859,"minecraft:sprint_one_cm":430241,"minecraft:damage_taken":1484,"minecraft:walk_one_cm":153166,"minecraft:drop":43,"minecraft:damage_dealt":3160,"minecraft:swim_one_cm":125569,"minecraft:fly_one_cm":666797,"minecraft:open_chest":12,"minecraft:crouch_one_cm":6743,"minecraft:play_time":129591,"minecraft:sneak_time":2646,"minecraft:deaths":3,"minecraft:walk_under_water_one_cm":18369,"minecraft:jump":2286,"minecraft:walk_on_water_one_cm":29624,"minecraft:total_world_time":129591,"minecraft:fall_one_cm":48268},"minecraft:dropped":{"minecraft:stone_axe":1,"minecraft:wheat_seeds":14,"alexsmobs:gazelle_horn":4,"croptopia:hops_seed":1,"croptopia:leek_seed":3,"minecraft:cobblestone":11,"minecraft:rotten_flesh":4,"biomesoplenty:glowing_moss_block":1,"minecraft:hay_block":26,"croptopia:kiwi_seed":1,"minecraft:spruce_planks":3,"minecraft:snowball":45,"alexsmobs:tarantula_hawk_elytra":1,"biomesoplenty:glowshroom":2,"minecraft:bone":7},"minecraft:crafted":{"minecraft:oak_planks":16,"minecraft:raw_iron":81,"minecraft:crafting_table":5,"minecraft:spruce_planks":68,"minecraft:wooden_pickaxe":1,"minecraft:iron_helmet":1,"minecraft:furnace":2,"minecraft:bone_meal":24,"minecraft:bucket":1,"minecraft:stone_axe":1,"minecraft:cooked_mutton":6,"minecraft:air":0,"minecraft:iron_chestplate":1,"minecraft:iron_boots":1,"minecraft:iron_axe":1,"minecraft:stick":20,"minecraft:iron_pickaxe":1,"minecraft:iron_ingot":9,"minecraft:stone_pickaxe":4,"minecraft:iron_leggings":1,"minecraft:white_bed":2,"minecraft:torch":16},"minecraft:killed_by":{"minecraft:skeleton":1,"alexsmobs:rhinoceros":1},"minecraft:killed":{"minecraft:pig":4,"minecraft:zombie_villager":1,"minecraft:sheep":7,"minecraft:zombie":5,"minecraft:chicken":1,"alexsmobs:gazelle":2,"minecraft:cow":2},"minecraft:used":{"minecraft:water_bucket":22,"minecraft:cooked_mutton":3,"croptopia:leek":2,"minecraft:melon":1,"minecraft:stone_pickaxe":290,"minecraft:wooden_pickaxe":20,"croptopia:zucchini":1,"minecraft:torch":13,"minecraft:dirt":41,"minecraft:mutton":2,"minecraft:crafting_table":5,"minecraft:white_bed":2,"minecraft:snowball":15,"minecraft:bread":17,"minecraft:grass_block":6,"minecraft:stone_axe":94,"minecraft:cobblestone":10,"croptopia:kiwi":4,"minecraft:furnace":3,"minecraft:bucket":23,"croptopia:squash":1,"minecraft:bone_meal":24},"minecraft:mined":{"minecraft:podzol":1,"minecraft:tuff":6,"minecraft:glass_pane":1,"biomesoplenty:desert_grass":1,"minecraft:clay":13,"minecraft:torch":3,"minecraft:grass_block":2,"spelunkers_charm:dead_grass":1,"biomesoplenty:high_grass_plant":2,"minecraft:tall_grass":5,"minecraft:spruce_leaves":4,"minecraft:moss_block":3,"supplementaries:urn":3,"minecraft:large_fern":1,"minecraft:hay_block":51,"minecraft:spore_blossom":1,"minecraft:coarse_dirt":1,"minecraft:raw_iron_block":9,"minecraft:iron_ore":9,"minecraft:spruce_log":17,"minecraft:grass":22,"minecraft:deepslate_iron_ore":3,"minecraft:oak_log":4,"minecraft:coal_ore":30,"minecraft:gravel":30,"minecraft:dirt":25,"minecraft:stone":222,"minecraft:deepslate":2,"spelunkers_charm:rock_pile_1":1,"minecraft:oak_leaves":1,"minecraft:fern":1},"minecraft:picked_up":{"minecraft:coarse_dirt":9,"croptopia:zucchini":2,"minecraft:feather":8,"minecraft:chicken":7,"minecraft:leather":16,"biomesoplenty:glowshroom":2,"minecraft:wooden_pickaxe":3,"minecraft:oak_log":4,"croptopia:leek":2,"alexsmobs:gazelle_horn":4,"minecraft:dirt":39,"minecraft:lantern":3,"croptopia:kiwi_seed":39,"croptopia:olive":2,"minecraft:bone":24,"minecraft:apple":4,"minecraft:wheat_seeds":32,"croptopia:squash":1,"minecraft:iron_ingot":27,"minecraft:beef":12,"minecraft:stone_pickaxe":6,"minecraft:melon_slice":56,"croptopia:kiwi":9,"farmersdelight:cabbage_seeds":3,"minecraft:furnace":1,"minecraft:stick":24,"minecraft:raw_iron":63,"minecraft:gravel":26,"minecraft:torch":6,"croptopia:rutabaga":1,"croptopia:ginger":13,"minecraft:raw_iron_block":18,"minecraft:porkchop":24,"croptopia:hops":12,"croptopia:olive_seed":3,"farmersdelight:tomato_seeds":2,"croptopia:ginger_seed":21,"minecraft:melon":1,"croptopia:rutabaga_seed":8,"minecraft:spruce_sapling":1,"minecraft:white_bed":1,"minecraft:spruce_log":17,"biomesoplenty:glowing_moss_block":1,"alexsmobs:animal_dictionary":3,"minecraft:arrow":4,"croptopia:hops_seed":13,"minecraft:rotten_flesh":9,"croptopia:squash_seed":4,"minecraft:stone_axe":4,"supplementaries:antique_ink":1,"minecraft:hay_block":179,"croptopia:leek_seed":12,"minecraft:saddle":4,"minecraft:bread":20,"minecraft:snowball":60,"spelunkers_charm:rock":1,"minecraft:mutton":18,"croptopia:zucchini_seed":10,"minecraft:coal":53,"minecraft:white_wool":13,"minecraft:cobblestone":180}},"DataVersion":3465}