{"stats":{"minecraft:dropped":{"minecraft:wheat_seeds":3,"croptopia:turmeric":1,"minecraft:cobblestone":39,"minecraft:stick":2,"minecraft:dirt":45,"minecraft:melon_slice":28,"croptopia:turmeric_seed":1,"minecraft:acacia_planks":2,"croptopia:olive_seed":6,"minecraft:compass":1,"minecraft:lever":1,"alexsmobs:gazelle_horn":8,"minecraft:wheat":2,"minecraft:golden_shovel":1,"minecraft:poppy":1,"minecraft:leather_chestplate":1,"minecraft:hay_block":8,"croptopia:kiwi_seed":2,"minecraft:spruce_planks":4,"minecraft:yellow_bed":1,"spelunkers_charm:rock":3,"minecraft:oak_sapling":1,"minecraft:chest":1,"minecraft:spruce_log":1,"minecraft:arrow":4,"minecraft:wooden_pickaxe":1,"minecraft:acacia_fence":1},"minecraft:killed_by":{"minecraft:skeleton":1,"minecraft:zombie":1},"minecraft:used":{"minecraft:flint_and_steel":5,"minecraft:chest":2,"minecraft:shield":2,"minecraft:iron_sword":96,"minecraft:rotten_flesh":2,"minecraft:torch":25,"minecraft:dirt":4,"minecraft:mutton":6,"minecraft:wooden_axe":16,"alexsmobs:maggot":1,"minecraft:lantern":1,"minecraft:iron_axe":27,"minecraft:grass_block":1,"minecraft:furnace":4,"minecraft:spider_spawn_egg":8,"minecraft:water_bucket":9,"minecraft:stone_pickaxe":229,"minecraft:wooden_pickaxe":56,"minecraft:blue_bed":1,"minecraft:crafting_table":7,"minecraft:red_bed":1,"croptopia:olive":2,"minecraft:wooden_hoe":9,"minecraft:firework_rocket":21,"minecraft:bread":24,"minecraft:melon_slice":4,"minecraft:iron_pickaxe":17,"minecraft:stone_axe":59,"minecraft:cobblestone":23,"minecraft:porkchop":7,"minecraft:bucket":10},"minecraft:custom":{"minecraft:mob_kills":40,"minecraft:interact_with_crafting_table":30,"minecraft:open_barrel":1,"minecraft:bell_ring":6,"minecraft:leave_game":2,"minecraft:time_since_death":22796,"minecraft:sprint_one_cm":301688,"minecraft:walk_one_cm":198110,"minecraft:damage_blocked_by_shield":105,"minecraft:drop":34,"minecraft:talked_to_villager":1,"minecraft:play_time":132946,"minecraft:deaths":2,"minecraft:sneak_time":5046,"minecraft:walk_under_water_one_cm":9920,"minecraft:jump":2045,"minecraft:walk_on_water_one_cm":11549,"minecraft:total_world_time":132946,"minecraft:interact_with_furnace":26,"minecraft:sleep_in_bed":2,"minecraft:time_since_rest":10192,"minecraft:damage_taken":1851,"minecraft:damage_dealt":5167,"minecraft:swim_one_cm":112061,"minecraft:fly_one_cm":533872,"minecraft:open_chest":38,"minecraft:crouch_one_cm":13132,"minecraft:aviate_one_cm":360118,"minecraft:fall_one_cm":69033},"minecraft:crafted":{"minecraft:raw_iron":227,"minecraft:furnace":3,"minecraft:flint_and_steel":1,"minecraft:iron_boots":1,"minecraft:iron_axe":1,"minecraft:stone_pickaxe":2,"minecraft:chest":2,"minecraft:wheat":144,"minecraft:crafting_table":2,"minecraft:spruce_planks":32,"minecraft:iron_helmet":1,"minecraft:wooden_pickaxe":1,"minecraft:iron_sword":1,"minecraft:bucket":1,"minecraft:stone_axe":1,"minecraft:bread":65,"minecraft:air":0,"minecraft:iron_chestplate":1,"minecraft:shield":1,"minecraft:stick":20,"minecraft:iron_pickaxe":1,"minecraft:iron_ingot":62,"minecraft:wooden_axe":1,"minecraft:iron_leggings":2,"minecraft:acacia_planks":28,"minecraft:torch":16},"minecraft:killed":{"minecraft:spider":1,"minecraft:skeleton":4,"minecraft:pig":8,"minecraft:sheep":1,"alexsmobs:catfish":2,"minecraft:zombie":6,"alexsmobs:gazelle":8,"minecraft:cow":5},"minecraft:broken":{"minecraft:stone_pickaxe":1},"minecraft:picked_up":{"minecraft:wooden_axe":1,"minecraft:crafting_table":8,"minecraft:iron_chestplate":2,"minecraft:wheat":62,"minecraft:wooden_pickaxe":3,"minecraft:golden_shovel":1,"alexsmobs:gazelle_horn":8,"minecraft:red_bed":1,"minecraft:raw_copper":30,"minecraft:flint_and_steel":1,"minecraft:sticky_piston":3,"croptopia:bellpepper_seed":3,"minecraft:detector_rail":1,"minecraft:spruce_planks":4,"minecraft:beef":26,"minecraft:poppy":1,"minecraft:minecart":1,"minecraft:melon_slice":104,"minecraft:chest":1,"minecraft:furnace":3,"minecraft:tipped_arrow":2,"minecraft:stick":1,"minecraft:raw_iron":62,"minecraft:acacia_fence":1,"minecraft:torch":11,"minecraft:acacia_log":7,"minecraft:porkchop":33,"croptopia:olive_seed":6,"minecraft:redstone":2,"minecraft:arrow":6,"minecraft:rotten_flesh":8,"farmersdelight:onion":6,"minecraft:hay_block":39,"minecraft:iron_block":6,"minecraft:mutton":15,"minecraft:rail":3,"minecraft:cobblestone":249,"minecraft:white_wool":1,"minecraft:leather_chestplate":2,"minecraft:lilac":1,"minecraft:repeater":3,"minecraft:water_bucket":2,"minecraft:leather":15,"minecraft:potato":14,"minecraft:flint":2,"minecraft:tuff":72,"minecraft:golden_boots":2,"minecraft:yellow_bed":1,"minecraft:blue_bed":1,"minecraft:dirt":106,"minecraft:lantern":1,"minecraft:leather_boots":2,"croptopia:kiwi_seed":2,"croptopia:olive":2,"croptopia:corn":1,"minecraft:acacia_planks":14,"minecraft:apple":8,"croptopia:barley":2,"minecraft:wheat_seeds":6,"minecraft:spruce_wood":14,"croptopia:bellpepper":1,"minecraft:stone_pickaxe":2,"minecraft:powered_rail":2,"minecraft:iron_sword":2,"croptopia:kiwi":1,"croptopia:turmeric":1,"minecraft:raw_iron_block":90,"alexsmobs:tarantula_hawk_elytra":1,"croptopia:hops":1,"minecraft:melon":9,"croptopia:turmeric_seed":1,"minecraft:spruce_log":9,"minecraft:mossy_cobblestone":1,"alexsmobs:raw_catfish":9,"croptopia:hops_seed":2,"minecraft:stone_axe":2,"minecraft:lever":1,"minecraft:gray_wool":1,"minecraft:emerald":6,"minecraft:bread":70,"alexsmobs:maggot":1,"minecraft:oak_sapling":3,"spelunkers_charm:rock":3,"minecraft:stripped_dark_oak_log":1,"minecraft:coal":204,"minecraft:hopper":4,"minecraft:sunflower":2},"minecraft:mined":{"biomesoplenty:glowing_moss_block":1,"minecraft:tuff":21,"biomesoplenty:glowshroom":1,"minecraft:mossy_cobblestone":2,"biomesoplenty:desert_grass":1,"minecraft:glow_lichen":1,"biomesoplenty:bush":1,"minecraft:acacia_log":7,"minecraft:grass_block":10,"minecraft:redstone_wire":2,"minecraft:moss_block":1,"minecraft:hopper":2,"minecraft:large_fern":1,"minecraft:hay_block":24,"croptopia:barley_crop":1,"minecraft:raw_iron_block":26,"minecraft:furnace":1,"biomesoplenty:toadstool":1,"minecraft:sticky_piston":2,"minecraft:iron_ore":23,"minecraft:fire":5,"croptopia:corn_crop":1,"minecraft:detector_rail":2,"minecraft:azure_bluet":1,"minecraft:dark_oak_stairs":1,"biomesoplenty:high_grass":3,"minecraft:rail":3,"minecraft:spruce_wood":14,"minecraft:stone":127,"minecraft:iron_block":2,"minecraft:piston_head":1,"minecraft:red_bed":1,"minecraft:stripped_dark_oak_log":1,"minecraft:dandelion":1,"minecraft:crafting_table":7,"minecraft:torch":6,"minecraft:poppy":1,"minecraft:melon":10,"biomesoplenty:high_grass_plant":2,"minecraft:tall_grass":1,"minecraft:copper_ore":4,"minecraft:cobblestone":9,"biomesoplenty:sprout":7,"minecraft:blue_bed":1,"minecraft:wall_torch":4,"minecraft:repeater":3,"spelunkers_charm:rock_pile_3":1,"minecraft:powered_rail":2,"minecraft:redstone_torch":1,"minecraft:wheat":62,"minecraft:lilac":3,"minecraft:spruce_log":9,"minecraft:yellow_bed":1,"croptopia:chile_pepper_crop":1,"minecraft:grass":36,"minecraft:coal_ore":60,"minecraft:acacia_fence":1,"minecraft:sunflower":2,"minecraft:gravel":6,"minecraft:dirt":8,"minecraft:dispenser":1,"minecraft:piston":2,"minecraft:oak_leaves":1}},"DataVersion":3465}