{"stats":{"minecraft:dropped":{"minecraft:iron_sword":1,"croptopia:turmeric":1,"minecraft:wheat_seeds":15,"minecraft:cobblestone":203,"minecraft:chest_minecart":1,"minecraft:stick":2,"minecraft:dirt":45,"minecraft:melon_slice":88,"minecraft:iron_leggings":3,"minecraft:iron_axe":1,"croptopia:turmeric_seed":1,"minecraft:acacia_planks":2,"minecraft:bone":35,"croptopia:olive_seed":6,"minecraft:stone_axe":4,"minecraft:compass":2,"minecraft:lever":1,"alexsmobs:gazelle_horn":8,"minecraft:iron_nugget":8,"minecraft:coarse_dirt":9,"minecraft:cobbled_deepslate":26,"alexscaves:cave_tablet":1,"minecraft:wheat":2,"minecraft:chicken":2,"minecraft:oak_planks":14,"minecraft:golden_shovel":1,"minecraft:poppy":1,"minecraft:leather_chestplate":1,"supplementaries:ash":5,"minecraft:potato":12,"minecraft:hay_block":110,"croptopia:kiwi_seed":2,"minecraft:spruce_planks":4,"minecraft:yellow_bed":1,"spelunkers_charm:rock":3,"minecraft:oak_sapling":2,"minecraft:chest":1,"minecraft:spruce_log":1,"minecraft:arrow":5,"minecraft:wooden_pickaxe":2,"minecraft:acacia_fence":1},"minecraft:killed_by":{"minecraft:skeleton":1,"minecraft:zombie":1},"minecraft:used":{"minecraft:flint_and_steel":5,"minecraft:chest":2,"minecraft:shield":70,"minecraft:iron_sword":210,"minecraft:torch":42,"minecraft:rotten_flesh":2,"minecraft:dirt":4,"minecraft:mutton":6,"minecraft:tuff":10,"minecraft:wooden_axe":16,"alexsmobs:maggot":1,"minecraft:lantern":1,"minecraft:iron_axe":79,"minecraft:grass_block":1,"minecraft:furnace":4,"minecraft:cobbled_deepslate":2,"minecraft:spider_spawn_egg":8,"minecraft:water_bucket":22,"minecraft:stone_pickaxe":229,"minecraft:wooden_pickaxe":56,"minecraft:blue_bed":1,"minecraft:red_bed":1,"minecraft:crafting_table":9,"croptopia:olive":2,"minecraft:diamond_pickaxe":9,"minecraft:wooden_hoe":9,"minecraft:firework_rocket":21,"minecraft:bread":53,"minecraft:melon_slice":4,"minecraft:iron_pickaxe":172,"minecraft:stone_axe":59,"croptopia:kiwi":1,"minecraft:cobblestone":37,"minecraft:porkchop":7,"minecraft:bucket":23,"minecraft:cobweb":10},"minecraft:custom":{"minecraft:interact_with_smithing_table":3,"minecraft:mob_kills":81,"minecraft:interact_with_crafting_table":41,"minecraft:open_barrel":1,"minecraft:bell_ring":6,"minecraft:leave_game":4,"minecraft:time_since_death":87985,"minecraft:climb_one_cm":430,"minecraft:sprint_one_cm":503309,"minecraft:walk_one_cm":338948,"minecraft:damage_blocked_by_shield":1535,"minecraft:drop":93,"minecraft:talked_to_villager":2,"minecraft:play_time":198135,"minecraft:deaths":2,"minecraft:sneak_time":9326,"minecraft:walk_under_water_one_cm":10589,"minecraft:jump":3146,"minecraft:walk_on_water_one_cm":24336,"minecraft:total_world_time":198135,"minecraft:interact_with_furnace":43,"minecraft:sleep_in_bed":2,"minecraft:time_since_rest":75381,"minecraft:damage_taken":3064,"minecraft:damage_dealt":11399,"minecraft:swim_one_cm":115416,"minecraft:fly_one_cm":729767,"minecraft:open_chest":66,"minecraft:crouch_one_cm":20351,"minecraft:aviate_one_cm":360118,"minecraft:fall_one_cm":102796},"minecraft:crafted":{"minecraft:oak_planks":16,"minecraft:raw_iron":227,"minecraft:furnace":3,"minecraft:flint_and_steel":1,"minecraft:iron_boots":1,"minecraft:iron_axe":1,"minecraft:stone_pickaxe":2,"minecraft:chest":3,"minecraft:wheat":198,"sophisticatedbackpacks:backpack":1,"minecraft:crafting_table":3,"minecraft:spruce_planks":32,"minecraft:iron_helmet":1,"minecraft:wooden_pickaxe":1,"minecraft:iron_sword":1,"minecraft:bucket":1,"minecraft:stone_axe":1,"minecraft:bread":83,"minecraft:air":0,"minecraft:diamond_pickaxe":1,"minecraft:iron_chestplate":2,"minecraft:shield":1,"minecraft:stick":52,"minecraft:iron_ingot":257,"minecraft:iron_pickaxe":1,"minecraft:wooden_axe":1,"minecraft:iron_block":25,"minecraft:iron_leggings":2,"minecraft:acacia_planks":28,"minecraft:torch":16},"minecraft:killed":{"minecraft:cave_spider":10,"minecraft:spider":2,"minecraft:skeleton":17,"minecraft:pig":8,"minecraft:sheep":1,"alexsmobs:catfish":2,"minecraft:zombie":16,"alexsmobs:gazelle":8,"minecraft:cow":8},"minecraft:broken":{"minecraft:stone_pickaxe":1},"minecraft:picked_up":{"minecraft:wooden_axe":1,"minecraft:iron_chestplate":3,"minecraft:coarse_dirt":18,"minecraft:crafting_table":10,"minecraft:wheat":62,"minecraft:chicken":2,"minecraft:chest_minecart":2,"minecraft:smithing_table":1,"minecraft:wooden_pickaxe":4,"spelunkers_charm:deepslate_rock":2,"minecraft:enchanted_book":1,"minecraft:golden_shovel":1,"alexsmobs:gazelle_horn":8,"minecraft:string":43,"minecraft:red_bed":1,"minecraft:raw_copper":79,"minecraft:iron_axe":1,"minecraft:flint_and_steel":1,"minecraft:iron_leggings":3,"minecraft:sticky_piston":3,"minecraft:compass":1,"croptopia:bellpepper_seed":3,"minecraft:blackstone":1,"supplementaries:bomb":4,"minecraft:activator_rail":3,"minecraft:cobbled_deepslate":62,"minecraft:detector_rail":6,"minecraft:spruce_planks":5,"minecraft:beef":35,"minecraft:iron_nugget":8,"minecraft:poppy":1,"minecraft:iron_pickaxe":1,"minecraft:minecart":1,"minecraft:melon_slice":192,"minecraft:chest":1,"minecraft:furnace":3,"minecraft:tipped_arrow":2,"minecraft:raw_iron":84,"minecraft:stick":4,"minecraft:acacia_fence":1,"minecraft:torch":29,"minecraft:acacia_log":7,"croptopia:olive_seed":6,"minecraft:porkchop":33,"farmersdelight:tomato_seeds":4,"minecraft:redstone":2,"minecraft:arrow":15,"minecraft:rotten_flesh":11,"farmersdelight:onion":6,"minecraft:hay_block":141,"minecraft:iron_block":6,"farmersdelight:rope":30,"supplementaries:ash":5,"minecraft:obsidian":8,"minecraft:glow_berries":4,"minecraft:mutton":15,"minecraft:rail":7,"minecraft:white_wool":1,"minecraft:cobblestone":512,"minecraft:magma_block":1,"minecraft:leather_chestplate":2,"farmersdelight:rice":2,"minecraft:lilac":1,"minecraft:repeater":3,"minecraft:water_bucket":2,"minecraft:leather":23,"minecraft:potato":17,"minecraft:flint":2,"minecraft:tuff":83,"minecraft:oak_log":4,"minecraft:yellow_bed":1,"minecraft:golden_boots":2,"minecraft:lapis_lazuli":70,"minecraft:blue_bed":1,"minecraft:dirt":147,"minecraft:paper":5,"minecraft:lantern":1,"minecraft:name_tag":2,"croptopia:kiwi_seed":2,"minecraft:leather_boots":2,"croptopia:olive":2,"minecraft:bone":67,"croptopia:corn":1,"minecraft:acacia_planks":14,"croptopia:barley":2,"minecraft:apple":8,"farmersdelight:cooking_pot":1,"minecraft:bow":1,"minecraft:wheat_seeds":18,"minecraft:raw_gold":1,"minecraft:spruce_wood":14,"croptopia:bellpepper":1,"minecraft:iron_ingot":4,"minecraft:stone_pickaxe":2,"minecraft:powered_rail":3,"minecraft:iron_sword":3,"minecraft:oak_planks":38,"croptopia:kiwi":2,"croptopia:turmeric":1,"minecraft:raw_iron_block":90,"croptopia:hops":1,"alexsmobs:tarantula_hawk_elytra":1,"minecraft:melon":9,"croptopia:turmeric_seed":1,"minecraft:spruce_log":9,"minecraft:spider_eye":2,"minecraft:mossy_cobblestone":1,"alexsmobs:raw_catfish":9,"minecraft:pumpkin_seeds":8,"minecraft:dispenser":1,"croptopia:hops_seed":2,"minecraft:diamond":15,"minecraft:stone_axe":7,"minecraft:lever":1,"minecraft:gray_wool":1,"minecraft:emerald":13,"minecraft:bread":80,"alexsmobs:maggot":1,"minecraft:oak_sapling":4,"spelunkers_charm:rock":4,"minecraft:stripped_dark_oak_log":1,"minecraft:coal":221,"minecraft:hopper":4,"minecraft:sunflower":2},"minecraft:mined":{"biomesoplenty:glowing_moss_block":1,"minecraft:tuff":32,"biomesoplenty:glowshroom":1,"minecraft:mossy_cobblestone":2,"minecraft:deepslate_diamond_ore":13,"biomesoplenty:desert_grass":1,"minecraft:obsidian":8,"minecraft:glow_lichen":2,"minecraft:cave_vines_plant":1,"minecraft:granite":2,"biomesoplenty:bush":1,"minecraft:acacia_log":7,"minecraft:grass_block":10,"minecraft:redstone_wire":2,"minecraft:moss_block":2,"minecraft:hopper":2,"minecraft:spawner":1,"minecraft:hay_block":24,"minecraft:large_fern":1,"croptopia:barley_crop":1,"minecraft:magma_block":1,"minecraft:raw_iron_block":26,"minecraft:furnace":1,"biomesoplenty:toadstool":1,"minecraft:iron_ore":24,"minecraft:sticky_piston":2,"minecraft:fire":5,"minecraft:cobbled_deepslate":3,"croptopia:corn_crop":1,"minecraft:detector_rail":2,"minecraft:deepslate_lapis_ore":10,"minecraft:azure_bluet":1,"minecraft:dark_oak_stairs":1,"biomesoplenty:high_grass":3,"minecraft:deepslate_iron_ore":4,"minecraft:rail":3,"minecraft:spruce_wood":14,"minecraft:stone":135,"minecraft:iron_block":2,"minecraft:piston_head":1,"minecraft:smithing_table":1,"minecraft:red_bed":1,"minecraft:blackstone":1,"minecraft:stripped_dark_oak_log":1,"minecraft:dandelion":1,"minecraft:torch":11,"minecraft:crafting_table":9,"minecraft:poppy":1,"minecraft:melon":10,"minecraft:copper_ore":10,"minecraft:tall_grass":1,"biomesoplenty:high_grass_plant":2,"minecraft:cobblestone":13,"biomesoplenty:sprout":8,"minecraft:deepslate_gold_ore":1,"minecraft:lapis_ore":1,"minecraft:oak_planks":12,"minecraft:blue_bed":1,"minecraft:wall_torch":5,"minecraft:big_dripleaf":1,"minecraft:amethyst_block":2,"minecraft:deepslate_copper_ore":7,"supplementaries:urn":16,"spelunkers_charm:rock_pile_3":1,"minecraft:repeater":3,"minecraft:powered_rail":2,"minecraft:redstone_torch":1,"minecraft:wheat":62,"minecraft:lilac":3,"minecraft:spruce_log":9,"croptopia:chile_pepper_crop":1,"minecraft:yellow_bed":1,"minecraft:grass":39,"minecraft:coal_ore":78,"minecraft:oak_log":4,"minecraft:acacia_fence":1,"minecraft:sunflower":2,"minecraft:gravel":6,"minecraft:dirt":8,"minecraft:cobweb":29,"minecraft:dispenser":1,"minecraft:piston":2,"minecraft:oak_leaves":1,"minecraft:deepslate":50}},"DataVersion":3465}