{"stats":{"minecraft:dropped":{"minecraft:bread":12,"minecraft:stone_sword":1,"minecraft:stone_pickaxe":1},"minecraft:killed":{"minecraft:spider":3,"minecraft:sheep":1,"minecraft:zombie":3,"minecraft:chicken":3,"minecraft:cow":1},"minecraft:used":{"minecraft:stone_sword":21,"minecraft:stone_pickaxe":106,"minecraft:wooden_pickaxe":16,"minecraft:sandstone":1,"minecraft:glow_berries":13,"minecraft:dirt":2,"minecraft:crafting_table":2,"minecraft:white_bed":1,"minecraft:spruce_log":7,"minecraft:chicken":1,"minecraft:bread":3,"minecraft:stone_axe":76,"minecraft:potato":1},"minecraft:killed_by":{"minecraft:creeper":1},"minecraft:mined":{"minecraft:white_bed":1,"minecraft:cyan_terracotta":1,"minecraft:crafting_table":1,"minecraft:grass_block":5,"minecraft:sandstone":1,"minecraft:hay_block":8,"minecraft:spruce_log":66,"minecraft:andesite":5,"minecraft:peony":6,"minecraft:grass":2,"minecraft:coal_ore":16,"minecraft:oak_log":5,"minecraft:sand":3,"minecraft:dirt":12,"minecraft:stone":98,"minecraft:oak_leaves":1},"minecraft:crafted":{"minecraft:oak_planks":20,"minecraft:crafting_table":1,"minecraft:wooden_pickaxe":1,"minecraft:stone_axe":1,"minecraft:bread":24,"minecraft:stick":8,"minecraft:stone_pickaxe":1,"minecraft:stone_sword":2,"minecraft:wheat":72},"minecraft:custom":{"minecraft:mob_kills":11,"minecraft:interact_with_crafting_table":6,"minecraft:bell_ring":26,"minecraft:time_since_death":58890,"minecraft:sleep_in_bed":2,"minecraft:time_since_rest":58930,"minecraft:sprint_one_cm":90384,"minecraft:damage_taken":365,"minecraft:walk_one_cm":41419,"minecraft:drop":3,"minecraft:damage_dealt":1534,"minecraft:swim_one_cm":14137,"minecraft:fly_one_cm":483799,"minecraft:open_chest":2,"minecraft:crouch_one_cm":1097,"minecraft:play_time":89852,"minecraft:deaths":1,"minecraft:sneak_time":1451,"minecraft:walk_under_water_one_cm":8606,"minecraft:jump":493,"minecraft:walk_on_water_one_cm":5762,"minecraft:total_world_time":89852,"minecraft:fall_one_cm":7644},"minecraft:picked_up":{"minecraft:birch_log":1,"minecraft:crafting_table":1,"minecraft:feather":4,"minecraft:chicken":5,"minecraft:andesite":5,"minecraft:brown_mushroom":4,"minecraft:wooden_pickaxe":1,"minecraft:enchanted_book":1,"minecraft:oak_log":6,"minecraft:dirt":104,"minecraft:apple":4,"minecraft:wheat_seeds":2,"minecraft:beef":2,"minecraft:oak_planks":9,"minecraft:egg":2,"minecraft:stick":2,"minecraft:sandstone":1,"minecraft:sand":6,"minecraft:spruce_sapling":2,"minecraft:white_bed":1,"minecraft:spruce_log":130,"minecraft:dark_oak_log":13,"minecraft:spider_eye":2,"minecraft:stone_sword":1,"minecraft:rotten_flesh":8,"minecraft:stone_axe":1,"minecraft:peony":12,"minecraft:hay_block":8,"minecraft:bread":12,"minecraft:oak_sapling":5,"minecraft:glow_berries":1,"minecraft:mutton":1,"minecraft:coal":32,"minecraft:white_wool":1,"minecraft:cobblestone":186}},"DataVersion":3465}