{"stats":{"minecraft:dropped":{"minecraft:wheat_seeds":11,"croptopia:turmeric":1,"minecraft:cobblestone":44,"minecraft:stick":2,"minecraft:dirt":45,"minecraft:melon_slice":88,"minecraft:iron_leggings":3,"minecraft:iron_axe":1,"croptopia:turmeric_seed":1,"minecraft:acacia_planks":2,"croptopia:olive_seed":6,"minecraft:stone_axe":3,"minecraft:compass":2,"minecraft:lever":1,"alexsmobs:gazelle_horn":8,"alexscaves:cave_tablet":1,"minecraft:wheat":2,"minecraft:chicken":2,"minecraft:golden_shovel":1,"minecraft:poppy":1,"minecraft:leather_chestplate":1,"minecraft:potato":12,"minecraft:hay_block":110,"croptopia:kiwi_seed":2,"minecraft:spruce_planks":4,"minecraft:yellow_bed":1,"spelunkers_charm:rock":3,"minecraft:oak_sapling":1,"minecraft:chest":1,"minecraft:spruce_log":1,"minecraft:arrow":5,"minecraft:wooden_pickaxe":2,"minecraft:acacia_fence":1},"minecraft:killed_by":{"minecraft:skeleton":1,"minecraft:zombie":1},"minecraft:used":{"minecraft:flint_and_steel":5,"minecraft:chest":2,"minecraft:shield":3,"minecraft:iron_sword":99,"minecraft:rotten_flesh":2,"minecraft:torch":25,"minecraft:dirt":4,"minecraft:mutton":6,"minecraft:wooden_axe":16,"alexsmobs:maggot":1,"minecraft:lantern":1,"minecraft:iron_axe":36,"minecraft:grass_block":1,"minecraft:furnace":4,"minecraft:spider_spawn_egg":8,"minecraft:water_bucket":10,"minecraft:stone_pickaxe":229,"minecraft:wooden_pickaxe":56,"minecraft:blue_bed":1,"minecraft:crafting_table":7,"minecraft:red_bed":1,"croptopia:olive":2,"minecraft:wooden_hoe":9,"minecraft:firework_rocket":21,"minecraft:bread":33,"minecraft:melon_slice":4,"minecraft:iron_pickaxe":56,"minecraft:stone_axe":59,"minecraft:cobblestone":23,"minecraft:porkchop":7,"minecraft:bucket":11},"minecraft:custom":{"minecraft:interact_with_smithing_table":3,"minecraft:mob_kills":44,"minecraft:interact_with_crafting_table":37,"minecraft:open_barrel":1,"minecraft:bell_ring":6,"minecraft:leave_game":2,"minecraft:time_since_death":40796,"minecraft:sprint_one_cm":372958,"minecraft:walk_one_cm":224113,"minecraft:damage_blocked_by_shield":135,"minecraft:drop":72,"minecraft:talked_to_villager":2,"minecraft:play_time":150946,"minecraft:deaths":2,"minecraft:sneak_time":5098,"minecraft:walk_under_water_one_cm":10156,"minecraft:jump":2414,"minecraft:walk_on_water_one_cm":11572,"minecraft:total_world_time":150946,"minecraft:interact_with_furnace":43,"minecraft:sleep_in_bed":2,"minecraft:time_since_rest":28192,"minecraft:damage_taken":2117,"minecraft:damage_dealt":5602,"minecraft:swim_one_cm":112061,"minecraft:fly_one_cm":614578,"minecraft:open_chest":56,"minecraft:crouch_one_cm":13216,"minecraft:aviate_one_cm":360118,"minecraft:fall_one_cm":83149},"minecraft:crafted":{"minecraft:raw_iron":227,"minecraft:furnace":3,"minecraft:flint_and_steel":1,"minecraft:iron_boots":1,"minecraft:iron_axe":1,"minecraft:stone_pickaxe":2,"minecraft:chest":2,"minecraft:wheat":198,"minecraft:crafting_table":2,"minecraft:spruce_planks":32,"minecraft:iron_helmet":1,"minecraft:wooden_pickaxe":1,"minecraft:iron_sword":1,"minecraft:bucket":1,"minecraft:stone_axe":1,"minecraft:bread":83,"minecraft:air":0,"minecraft:iron_chestplate":2,"minecraft:shield":1,"minecraft:stick":20,"minecraft:iron_pickaxe":1,"minecraft:iron_ingot":257,"minecraft:wooden_axe":1,"minecraft:iron_block":25,"minecraft:iron_leggings":2,"minecraft:acacia_planks":28,"minecraft:torch":16},"minecraft:killed":{"minecraft:spider":1,"minecraft:skeleton":5,"minecraft:pig":8,"minecraft:sheep":1,"alexsmobs:catfish":2,"minecraft:zombie":6,"alexsmobs:gazelle":8,"minecraft:cow":8},"minecraft:broken":{"minecraft:stone_pickaxe":1},"minecraft:picked_up":{"minecraft:wooden_axe":1,"minecraft:coarse_dirt":9,"minecraft:crafting_table":8,"minecraft:iron_chestplate":3,"minecraft:wheat":62,"minecraft:chicken":2,"minecraft:smithing_table":1,"minecraft:wooden_pickaxe":4,"minecraft:golden_shovel":1,"minecraft:string":4,"alexsmobs:gazelle_horn":8,"minecraft:iron_leggings":3,"minecraft:red_bed":1,"minecraft:iron_axe":1,"minecraft:raw_copper":30,"minecraft:flint_and_steel":1,"minecraft:compass":1,"minecraft:sticky_piston":3,"croptopia:bellpepper_seed":3,"minecraft:cobbled_deepslate":16,"minecraft:detector_rail":2,"minecraft:spruce_planks":5,"minecraft:beef":35,"minecraft:poppy":1,"minecraft:iron_pickaxe":1,"minecraft:minecart":1,"minecraft:melon_slice":192,"minecraft:chest":1,"minecraft:furnace":3,"minecraft:tipped_arrow":2,"minecraft:stick":4,"minecraft:raw_iron":76,"minecraft:acacia_fence":1,"minecraft:torch":11,"minecraft:acacia_log":7,"minecraft:porkchop":33,"croptopia:olive_seed":6,"minecraft:redstone":2,"minecraft:arrow":7,"minecraft:rotten_flesh":8,"farmersdelight:onion":6,"minecraft:hay_block":141,"minecraft:iron_block":6,"minecraft:mutton":15,"minecraft:rail":3,"minecraft:cobblestone":348,"minecraft:white_wool":1,"minecraft:leather_chestplate":2,"minecraft:lilac":1,"minecraft:repeater":3,"minecraft:water_bucket":2,"minecraft:leather":23,"minecraft:potato":17,"minecraft:flint":2,"minecraft:tuff":72,"minecraft:golden_boots":2,"minecraft:yellow_bed":1,"minecraft:paper":5,"minecraft:blue_bed":1,"minecraft:dirt":147,"minecraft:lantern":1,"minecraft:leather_boots":2,"croptopia:kiwi_seed":2,"croptopia:olive":2,"minecraft:bone":1,"croptopia:corn":1,"minecraft:acacia_planks":14,"minecraft:apple":8,"croptopia:barley":2,"minecraft:raw_gold":1,"minecraft:wheat_seeds":18,"minecraft:iron_ingot":4,"minecraft:spruce_wood":14,"croptopia:bellpepper":1,"minecraft:stone_pickaxe":2,"minecraft:oak_planks":10,"minecraft:powered_rail":2,"minecraft:iron_sword":2,"croptopia:kiwi":2,"croptopia:turmeric":1,"minecraft:raw_iron_block":90,"alexsmobs:tarantula_hawk_elytra":1,"croptopia:hops":1,"minecraft:melon":9,"croptopia:turmeric_seed":1,"minecraft:spruce_log":9,"minecraft:mossy_cobblestone":1,"alexsmobs:raw_catfish":9,"minecraft:dispenser":1,"croptopia:hops_seed":2,"minecraft:diamond":1,"minecraft:stone_axe":6,"minecraft:lever":1,"minecraft:gray_wool":1,"minecraft:emerald":6,"minecraft:bread":77,"alexsmobs:maggot":1,"minecraft:oak_sapling":4,"spelunkers_charm:rock":4,"minecraft:stripped_dark_oak_log":1,"minecraft:coal":221,"minecraft:hopper":4,"minecraft:sunflower":2},"minecraft:mined":{"biomesoplenty:glowing_moss_block":1,"minecraft:tuff":21,"biomesoplenty:glowshroom":1,"minecraft:mossy_cobblestone":2,"minecraft:deepslate_diamond_ore":1,"biomesoplenty:desert_grass":1,"minecraft:glow_lichen":1,"biomesoplenty:bush":1,"minecraft:acacia_log":7,"minecraft:grass_block":10,"minecraft:redstone_wire":2,"minecraft:moss_block":1,"minecraft:hopper":2,"minecraft:large_fern":1,"minecraft:hay_block":24,"croptopia:barley_crop":1,"minecraft:raw_iron_block":26,"minecraft:furnace":1,"biomesoplenty:toadstool":1,"minecraft:sticky_piston":2,"minecraft:iron_ore":24,"minecraft:fire":5,"croptopia:corn_crop":1,"minecraft:detector_rail":2,"minecraft:azure_bluet":1,"minecraft:dark_oak_stairs":1,"biomesoplenty:high_grass":3,"minecraft:rail":3,"minecraft:spruce_wood":14,"minecraft:stone":133,"minecraft:iron_block":2,"minecraft:piston_head":1,"minecraft:smithing_table":1,"minecraft:red_bed":1,"minecraft:stripped_dark_oak_log":1,"minecraft:dandelion":1,"minecraft:crafting_table":7,"minecraft:torch":6,"minecraft:poppy":1,"minecraft:melon":10,"biomesoplenty:high_grass_plant":2,"minecraft:tall_grass":1,"minecraft:copper_ore":4,"minecraft:cobblestone":9,"biomesoplenty:sprout":8,"minecraft:deepslate_gold_ore":1,"minecraft:blue_bed":1,"minecraft:wall_torch":4,"minecraft:repeater":3,"spelunkers_charm:rock_pile_3":1,"minecraft:powered_rail":2,"minecraft:redstone_torch":1,"minecraft:wheat":62,"minecraft:lilac":3,"minecraft:spruce_log":9,"minecraft:yellow_bed":1,"croptopia:chile_pepper_crop":1,"minecraft:grass":37,"minecraft:coal_ore":78,"minecraft:acacia_fence":1,"minecraft:sunflower":2,"minecraft:gravel":6,"minecraft:dirt":8,"minecraft:dispenser":1,"minecraft:deepslate":12,"minecraft:piston":2,"minecraft:oak_leaves":1}},"DataVersion":3465}