{"stats":{"minecraft:used":{"minecraft:chest":2,"minecraft:shield":367,"minecraft:iron_sword":269,"minecraft:rotten_flesh":2,"minecraft:mutton":6,"minecraft:tuff":16,"minecraft:obsidian":4,"minecraft:lantern":1,"minecraft:grass_block":1,"minecraft:furnace":4,"supplementaries:bamboo_spikes_tipped":1,"minecraft:spider_spawn_egg":8,"minecraft:stone_pickaxe":229,"minecraft:wooden_pickaxe":56,"minecraft:blue_bed":1,"minecraft:golden_hoe":7,"minecraft:firework_rocket":21,"minecraft:bread":90,"minecraft:melon_slice":4,"minecraft:gravel":1,"minecraft:cobweb":16,"minecraft:flint_and_steel":6,"minecraft:torch":43,"minecraft:spyglass":7,"minecraft:dirt":10,"minecraft:wooden_axe":16,"alexsmobs:maggot":1,"minecraft:iron_axe":106,"minecraft:cobbled_deepslate":49,"minecraft:water_bucket":106,"minecraft:crafting_table":12,"minecraft:red_bed":1,"croptopia:olive":2,"minecraft:diamond_pickaxe":11,"minecraft:wooden_hoe":9,"minecraft:iron_pickaxe":252,"minecraft:stone_axe":59,"minecraft:cobblestone":80,"croptopia:kiwi":1,"minecraft:porkchop":7,"minecraft:bucket":107},"minecraft:picked_up":{"minecraft:wooden_axe":1,"minecraft:iron_chestplate":5,"minecraft:wheat":62,"minecraft:smithing_table":1,"minecraft:enchanted_book":2,"minecraft:golden_shovel":3,"alexsmobs:gazelle_horn":8,"minecraft:string":61,"minecraft:raw_copper":79,"alexsmobs:ancient_dart":1,"minecraft:iron_leggings":6,"minecraft:sticky_piston":3,"minecraft:activator_rail":3,"minecraft:cobbled_deepslate":125,"minecraft:spruce_planks":5,"minecraft:rose_bush":1,"minecraft:iron_pickaxe":2,"minecraft:melon_slice":192,"minecraft:furnace":3,"minecraft:iron_boots":2,"minecraft:tipped_arrow":2,"minecraft:stick":7,"minecraft:acacia_fence":1,"minecraft:acacia_log":7,"minecraft:torch":38,"croptopia:blackberry_seed":2,"supplementaries:bamboo_spikes_tipped":1,"croptopia:olive_seed":6,"minecraft:porkchop":33,"minecraft:rotten_flesh":18,"farmersdelight:onion":6,"minecraft:iron_block":6,"farmersdelight:rope":47,"supplementaries:ash":31,"minecraft:obsidian":12,"minecraft:cobblestone":529,"minecraft:magma_block":2,"minecraft:leather_chestplate":2,"farmersdelight:rice":6,"minecraft:lilac":1,"minecraft:repeater":3,"minecraft:water_bucket":5,"minecraft:potato":17,"minecraft:flint":3,"minecraft:tuff":94,"supplementaries:flax_seeds":7,"minecraft:lapis_lazuli":75,"minecraft:dirt":153,"minecraft:lantern":3,"minecraft:name_tag":4,"minecraft:leather_boots":2,"croptopia:kiwi_seed":2,"minecraft:bone":72,"croptopia:corn":1,"minecraft:acacia_planks":14,"minecraft:bow":1,"minecraft:wheat_seeds":19,"minecraft:raw_gold":3,"croptopia:bellpepper":1,"minecraft:powered_rail":7,"minecraft:oak_planks":46,"croptopia:chile_pepper_seed":2,"endrem:lost_eye":2,"croptopia:turmeric":1,"croptopia:blackberry":1,"minecraft:melon":9,"sophisticatedbackpacks:iron_backpack":2,"minecraft:lily_of_the_valley":3,"minecraft:mossy_cobblestone":1,"croptopia:chile_pepper":1,"minecraft:dispenser":1,"croptopia:hops_seed":2,"minecraft:diamond":37,"minecraft:lever":1,"minecraft:golden_apple":1,"minecraft:emerald":15,"minecraft:bread":181,"alexsmobs:maggot":1,"minecraft:oak_sapling":6,"sophisticatedbackpacks:gold_backpack":2,"minecraft:crafting_table":11,"minecraft:coarse_dirt":18,"minecraft:chicken":2,"minecraft:chest_minecart":2,"minecraft:wooden_pickaxe":4,"spelunkers_charm:deepslate_rock":2,"minecraft:shield":2,"alexscaves:cave_codex":1,"minecraft:red_bed":1,"minecraft:iron_axe":3,"minecraft:flint_and_steel":1,"minecraft:compass":1,"croptopia:bellpepper_seed":3,"minecraft:blackstone":2,"supplementaries:bomb":4,"minecraft:detector_rail":12,"minecraft:beef":35,"minecraft:iron_nugget":28,"minecraft:poppy":2,"minecraft:minecart":1,"supplementaries:rope":14,"minecraft:chest":1,"minecraft:raw_iron":84,"sophisticatedbackpacks:backpack":2,"farmersdelight:tomato_seeds":11,"minecraft:redstone":9,"minecraft:arrow":15,"minecraft:hay_block":141,"minecraft:glow_berries":10,"minecraft:mutton":15,"minecraft:white_wool":1,"minecraft:rail":12,"minecraft:glow_ink_sac":9,"minecraft:leather":23,"croptopia:glowing_calamari":1,"spelunkers_charm:old_miners_bundle":4,"minecraft:oak_log":4,"minecraft:golden_boots":2,"minecraft:yellow_bed":1,"minecraft:gunpowder":2,"minecraft:blue_bed":1,"minecraft:paper":43,"croptopia:olive":2,"minecraft:apple":8,"croptopia:barley":2,"farmersdelight:cooking_pot":2,"croptopia:raspberry":1,"minecraft:spruce_wood":14,"minecraft:iron_ingot":18,"minecraft:stone_pickaxe":2,"minecraft:cobweb":6,"croptopia:kiwi":2,"minecraft:iron_sword":5,"minecraft:dandelion":1,"minecraft:spyglass":2,"minecraft:raw_iron_block":90,"croptopia:hops":1,"minecraft:gravel":3,"alexsmobs:tarantula_hawk_elytra":1,"minecraft:amethyst_shard":5,"croptopia:turmeric_seed":1,"minecraft:blast_furnace":1,"minecraft:spruce_log":13,"minecraft:crying_obsidian":2,"minecraft:spider_eye":2,"alexsmobs:raw_catfish":9,"minecraft:pumpkin_seeds":11,"minecraft:stone_axe":7,"minecraft:iron_helmet":1,"croptopia:greenbean":1,"minecraft:gray_wool":1,"alexscaves:cave_map":2,"spelunkers_charm:rock":4,"minecraft:stripped_dark_oak_log":1,"minecraft:coal":221,"minecraft:hopper":4,"minecraft:sunflower":3},"minecraft:killed_by":{"minecraft:zombie":1,"minecraft:skeleton":1},"minecraft:dropped":{"minecraft:iron_sword":1,"croptopia:turmeric":1,"minecraft:glow_ink_sac":3,"minecraft:chest_minecart":1,"croptopia:chile_pepper_seed":2,"farmersdelight:rice":6,"minecraft:dirt":45,"alexscaves:cave_map":2,"minecraft:sunflower":1,"minecraft:bone":35,"minecraft:gravel":1,"croptopia:olive_seed":6,"minecraft:stone_axe":4,"minecraft:compass":2,"minecraft:spyglass":2,"minecraft:lever":1,"alexsmobs:gazelle_horn":8,"minecraft:iron_nugget":8,"minecraft:cobbled_deepslate":61,"alexscaves:cave_tablet":2,"minecraft:wheat":2,"minecraft:rotten_flesh":6,"croptopia:chile_pepper":1,"minecraft:oak_planks":17,"minecraft:golden_shovel":2,"minecraft:poppy":2,"supplementaries:ash":5,"minecraft:leather_chestplate":1,"supplementaries:flax_seeds":3,"minecraft:melon_seeds":3,"spelunkers_charm:rock":3,"minecraft:chest":1,"minecraft:arrow":5,"minecraft:acacia_fence":1,"farmersdelight:tomato_seeds":11,"minecraft:water_bucket":1,"minecraft:iron_ingot":1,"minecraft:bread":1,"minecraft:wheat_seeds":16,"minecraft:cobblestone":259,"croptopia:blackberry":1,"croptopia:raspberry":1,"minecraft:stick":2,"croptopia:greenbean":1,"minecraft:rose_bush":1,"minecraft:melon_slice":88,"minecraft:iron_leggings":3,"minecraft:iron_axe":1,"croptopia:turmeric_seed":1,"minecraft:paper":29,"minecraft:acacia_planks":2,"minecraft:dandelion":1,"minecraft:coarse_dirt":9,"minecraft:tuff":6,"croptopia:blackberry_seed":2,"minecraft:chicken":2,"alexsmobs:ancient_dart":1,"minecraft:name_tag":1,"minecraft:pumpkin_seeds":11,"minecraft:lily_of_the_valley":3,"minecraft:potato":12,"minecraft:hay_block":110,"croptopia:kiwi_seed":2,"minecraft:spruce_planks":4,"minecraft:yellow_bed":1,"minecraft:oak_sapling":3,"minecraft:spruce_log":1,"minecraft:wooden_pickaxe":2,"minecraft:magma_block":2},"minecraft:custom":{"minecraft:interact_with_crafting_table":51,"minecraft:open_barrel":6,"minecraft:bell_ring":6,"minecraft:leave_game":13,"minecraft:time_since_death":30801,"minecraft:sprint_one_cm":864780,"minecraft:damage_blocked_by_shield":4370,"minecraft:drop":135,"minecraft:talked_to_villager":2,"minecraft:play_time":333193,"minecraft:deaths":4,"minecraft:jump":4779,"minecraft:walk_on_water_one_cm":51245,"minecraft:interact_with_furnace":47,"minecraft:interact_with_loom":9,"minecraft:sleep_in_bed":3,"minecraft:damage_dealt":13667,"minecraft:crouch_one_cm":29782,"minecraft:interact_with_smithing_table":3,"minecraft:mob_kills":92,"minecraft:climb_one_cm":430,"minecraft:walk_one_cm":525079,"minecraft:sneak_time":13261,"minecraft:walk_under_water_one_cm":34222,"minecraft:interact_with_blast_furnace":15,"minecraft:total_world_time":333193,"minecraft:time_since_rest":4957,"minecraft:damage_taken":5072,"minecraft:swim_one_cm":119315,"minecraft:fly_one_cm":1064358,"minecraft:open_chest":81,"minecraft:aviate_one_cm":360118,"minecraft:fall_one_cm":152854},"minecraft:broken":{"minecraft:stone_pickaxe":1,"minecraft:iron_sword":1,"minecraft:iron_pickaxe":1,"minecraft:iron_helmet":1},"minecraft:killed":{"minecraft:cave_spider":10,"minecraft:spider":3,"minecraft:skeleton":18,"minecraft:pig":8,"minecraft:sheep":1,"minecraft:zombie":25,"minecraft:cow":8,"alexsmobs:catfish":2,"alexsmobs:gazelle":8},"minecraft:mined":{"biomesoplenty:glowshroom":1,"minecraft:obsidian":8,"minecraft:cave_vines_plant":1,"minecraft:granite":2,"minecraft:acacia_log":7,"minecraft:grass_block":12,"minecraft:hopper":2,"minecraft:spawner":3,"minecraft:magma_block":3,"minecraft:raw_iron_block":26,"minecraft:cobbled_deepslate":3,"minecraft:iron_ore":24,"minecraft:sticky_piston":2,"minecraft:fire":5,"minecraft:deepslate_lapis_ore":10,"minecraft:azure_bluet":1,"minecraft:dark_oak_stairs":1,"minecraft:spruce_wood":14,"minecraft:iron_block":2,"minecraft:piston_head":1,"minecraft:red_bed":1,"minecraft:blackstone":2,"minecraft:torch":12,"minecraft:blast_furnace":1,"minecraft:poppy":1,"minecraft:melon":10,"minecraft:cobblestone":13,"minecraft:oak_planks":20,"minecraft:wall_torch":5,"minecraft:amethyst_block":2,"minecraft:deepslate_copper_ore":7,"minecraft:repeater":3,"spelunkers_charm:rock_pile_3":1,"minecraft:powered_rail":2,"minecraft:wheat":62,"minecraft:lilac":3,"croptopia:chile_pepper_crop":1,"minecraft:grass":40,"minecraft:oak_log":4,"minecraft:acacia_fence":1,"minecraft:dirt":15,"minecraft:dispenser":1,"minecraft:piston":2,"minecraft:oak_leaves":6,"minecraft:deepslate":74,"biomesoplenty:glowing_moss_block":1,"alexscaves:spelunkery_table":1,"minecraft:crying_obsidian":2,"minecraft:tuff":40,"minecraft:mossy_cobblestone":2,"minecraft:deepslate_diamond_ore":35,"biomesoplenty:desert_grass":1,"minecraft:glow_lichen":2,"biomesoplenty:bush":1,"minecraft:redstone_wire":2,"minecraft:moss_block":2,"minecraft:large_fern":1,"croptopia:barley_crop":1,"minecraft:hay_block":24,"minecraft:furnace":1,"biomesoplenty:toadstool":1,"supplementaries:bamboo_spikes":1,"croptopia:corn_crop":1,"minecraft:detector_rail":2,"biomesoplenty:high_grass":3,"minecraft:deepslate_iron_ore":4,"minecraft:rail":3,"minecraft:stone":150,"minecraft:smithing_table":1,"minecraft:stripped_dark_oak_log":1,"minecraft:dandelion":1,"minecraft:crafting_table":10,"biomesoplenty:high_grass_plant":2,"minecraft:tall_grass":1,"minecraft:copper_ore":10,"minecraft:lapis_ore":1,"biomesoplenty:sprout":8,"minecraft:deepslate_gold_ore":1,"minecraft:blue_bed":1,"minecraft:big_dripleaf":1,"supplementaries:urn":25,"minecraft:redstone_torch":1,"minecraft:spruce_log":13,"minecraft:yellow_bed":1,"minecraft:coal_ore":78,"minecraft:sunflower":3,"minecraft:gravel":10,"minecraft:cobweb":40},"minecraft:crafted":{"minecraft:oak_planks":16,"sophisticatedbackpacks:crafting_upgrade":1,"minecraft:iron_boots":1,"minecraft:chest":4,"sophisticatedbackpacks:backpack":1,"minecraft:crafting_table":6,"minecraft:spruce_planks":48,"minecraft:wooden_pickaxe":1,"minecraft:iron_helmet":1,"minecraft:copper_ingot":24,"sophisticatedbackpacks:upgrade_base":1,"minecraft:iron_chestplate":2,"minecraft:diamond_pickaxe":1,"minecraft:shield":1,"minecraft:stick":56,"minecraft:iron_ingot":257,"minecraft:iron_pickaxe":1,"minecraft:iron_block":25,"sophisticatedbackpacks:advanced_pickup_upgrade":1,"minecraft:raw_iron":227,"minecraft:spyglass":2,"minecraft:furnace":3,"minecraft:flint_and_steel":2,"minecraft:iron_axe":1,"minecraft:stone_pickaxe":2,"minecraft:wheat":198,"minecraft:iron_sword":2,"minecraft:bucket":1,"minecraft:stone_axe":1,"minecraft:bread":83,"minecraft:air":0,"sophisticatedbackpacks:pickup_upgrade":1,"minecraft:wooden_axe":1,"minecraft:iron_leggings":2,"minecraft:acacia_planks":28,"minecraft:torch":16}},"DataVersion":3465}